﻿<?xml version="1.0" encoding="utf-8"?>
<abapGit version="v0.2-alpha">
 <PROGDIR>
  <NAME>MZABAP_T01_03I01</NAME>
  <STATE>A</STATE>
  <SQLX></SQLX>
  <EDTX></EDTX>
  <VARCL>X</VARCL>
  <DBAPL></DBAPL>
  <DBNA></DBNA>
  <CLAS></CLAS>
  <TYPE></TYPE>
  <OCCURS></OCCURS>
  <SUBC>I</SUBC>
  <APPL></APPL>
  <SECU></SECU>
  <CNAM></CNAM>
  <CDAT>00000000</CDAT>
  <UNAM></UNAM>
  <UDAT>00000000</UDAT>
  <VERN></VERN>
  <LEVL></LEVL>
  <RSTAT></RSTAT>
  <RMAND></RMAND>
  <RLOAD>E</RLOAD>
  <FIXPT></FIXPT>
  <SSET></SSET>
  <SDATE>00000000</SDATE>
  <STIME></STIME>
  <IDATE>00000000</IDATE>
  <ITIME></ITIME>
  <LDBNAME></LDBNAME>
  <UCCHECK>X</UCCHECK>
 </PROGDIR>
 <TEXTPOOL_TABLE>
  <TEXTPOOL>
   <ID>R</ID>
   <KEY></KEY>
   <ENTRY>Include MZABAP_T01_03I01</ENTRY>
   <LENGTH>24 </LENGTH>
  </TEXTPOOL>
 </TEXTPOOL_TABLE>
</abapGit>
