﻿<?xml version="1.0" encoding="utf-8"?>
<abapGit version="v0.2-alpha">
 <PROGDIR>
  <NAME>ZABAP_P03_02</NAME>
  <STATE>A</STATE>
  <SQLX></SQLX>
  <EDTX></EDTX>
  <VARCL>X</VARCL>
  <DBAPL></DBAPL>
  <DBNA></DBNA>
  <CLAS></CLAS>
  <TYPE></TYPE>
  <OCCURS></OCCURS>
  <SUBC>1</SUBC>
  <APPL></APPL>
  <SECU></SECU>
  <CNAM></CNAM>
  <CDAT>00000000</CDAT>
  <UNAM></UNAM>
  <UDAT>00000000</UDAT>
  <VERN></VERN>
  <LEVL></LEVL>
  <RSTAT></RSTAT>
  <RMAND></RMAND>
  <RLOAD>E</RLOAD>
  <FIXPT>X</FIXPT>
  <SSET></SSET>
  <SDATE>00000000</SDATE>
  <STIME></STIME>
  <IDATE>00000000</IDATE>
  <ITIME></ITIME>
  <LDBNAME></LDBNAME>
  <UCCHECK>X</UCCHECK>
 </PROGDIR>
 <RSMPE_ADM>
  <ACTCODE></ACTCODE>
  <MENCODE></MENCODE>
  <PFKCODE></PFKCODE>
  <DEFAULTACT></DEFAULTACT>
  <DEFAULTPFK></DEFAULTPFK>
  <MOD_LANGU></MOD_LANGU>
 </RSMPE_ADM>
 <RSMPE_STAT_TABLE/>
 <RSMPE_FUNT_TABLE/>
 <RSMPE_MEN_TABLE/>
 <RSMPE_MNLT_TABLE/>
 <RSMPE_ACT_TABLE/>
 <RSMPE_BUT_TABLE/>
 <RSMPE_PFK_TABLE/>
 <RSMPE_STAF_TABLE/>
 <RSMPE_ATRT_TABLE/>
 <RSMPE_TITT_TABLE/>
 <RSMPE_BUTS_TABLE/>
 <TEXTPOOL_TABLE>
  <TEXTPOOL>
   <ID>R</ID>
   <KEY></KEY>
   <ENTRY>Programa Calculadora</ENTRY>
   <LENGTH>20 </LENGTH>
  </TEXTPOOL>
 </TEXTPOOL_TABLE>
</abapGit>
