﻿<?xml version="1.0" encoding="utf-8"?>
<abapGit version="v0.2-alpha">
 <DD02V>
  <TABNAME>ZACAD</TABNAME>
  <DDLANGUAGE>E</DDLANGUAGE>
  <TABCLASS>APPEND</TABCLASS>
  <SQLTAB>SMEAL</SQLTAB>
  <DATMIN>0000000000</DATMIN>
  <DATMAX>0000000000</DATMAX>
  <DATAVG>0000000000</DATAVG>
  <CLIDEP></CLIDEP>
  <BUFFERED></BUFFERED>
  <COMPRFLAG></COMPRFLAG>
  <LANGDEP></LANGDEP>
  <DDTEXT>Academia de ABAP</DDTEXT>
  <ACTFLAG></ACTFLAG>
  <APPLCLASS></APPLCLASS>
  <AUTHCLASS>00</AUTHCLASS>
  <AS4USER></AS4USER>
  <AS4DATE>00000000</AS4DATE>
  <AS4TIME>000000</AS4TIME>
  <MASTERLANG></MASTERLANG>
  <MAINFLAG></MAINFLAG>
  <CONTFLAG></CONTFLAG>
  <RESERVETAB></RESERVETAB>
  <GLOBALFLAG></GLOBALFLAG>
  <PROZPUFF>000</PROZPUFF>
  <VIEWCLASS></VIEWCLASS>
  <VIEWGRANT></VIEWGRANT>
  <MULTIPLEX></MULTIPLEX>
  <SHLPEXI></SHLPEXI>
  <PROXYTYPE></PROXYTYPE>
  <EXCLASS>0</EXCLASS>
  <WRONGCL></WRONGCL>
 </DD02V>
 <DD09L>
  <TABNAME></TABNAME>
  <AS4LOCAL></AS4LOCAL>
  <AS4VERS>0000</AS4VERS>
  <TABKAT></TABKAT>
  <TABART></TABART>
  <PUFFERUNG></PUFFERUNG>
  <SCHFELDANZ>000</SCHFELDANZ>
  <PROTOKOLL></PROTOKOLL>
  <SPEICHPUFF></SPEICHPUFF>
  <AS4USER></AS4USER>
  <AS4DATE>00000000</AS4DATE>
  <AS4TIME>000000</AS4TIME>
  <TRANSPFLAG></TRANSPFLAG>
  <RESERVE></RESERVE>
  <UEBERSETZ></UEBERSETZ>
  <ACTFLAG></ACTFLAG>
  <BUFALLOW></BUFALLOW>
  <JAVAONLY></JAVAONLY>
 </DD09L>
 <DD03P_TABLE>
  <DD03P>
   <TABNAME>ZACAD</TABNAME>
   <FIELDNAME>ZZNUMPED</FIELDNAME>
   <DDLANGUAGE></DDLANGUAGE>
   <POSITION>0001</POSITION>
   <KEYFLAG></KEYFLAG>
   <MANDATORY></MANDATORY>
   <ROLLNAME>ZNUMPED05</ROLLNAME>
   <CHECKTABLE></CHECKTABLE>
   <ADMINFIELD>0</ADMINFIELD>
   <INTTYPE>N</INTTYPE>
   <INTLEN>000012</INTLEN>
   <REFTABLE></REFTABLE>
   <PRECFIELD></PRECFIELD>
   <REFFIELD></REFFIELD>
   <CONROUT></CONROUT>
   <NOTNULL></NOTNULL>
   <DOMNAME>ZNUMPED05</DOMNAME>
   <ROUTPUTLEN>000000</ROUTPUTLEN>
   <MEMORYID></MEMORYID>
   <LOGFLAG></LOGFLAG>
   <HEADLEN>16</HEADLEN>
   <SCRLEN1>07</SCRLEN1>
   <SCRLEN2>16</SCRLEN2>
   <SCRLEN3>16</SCRLEN3>
   <DTELGLOBAL></DTELGLOBAL>
   <DTELMASTER></DTELMASTER>
   <RESERVEDTE></RESERVEDTE>
   <DATATYPE>NUMC</DATATYPE>
   <LENG>000006</LENG>
   <OUTPUTLEN>000006</OUTPUTLEN>
   <DECIMALS>000000</DECIMALS>
   <LOWERCASE></LOWERCASE>
   <SIGNFLAG></SIGNFLAG>
   <LANGFLAG></LANGFLAG>
   <VALEXI>X</VALEXI>
   <ENTITYTAB></ENTITYTAB>
   <CONVEXIT></CONVEXIT>
   <MASK>  NUMCE</MASK>
   <MASKLEN>0000</MASKLEN>
   <ACTFLAG></ACTFLAG>
   <DDTEXT></DDTEXT>
   <REPTEXT></REPTEXT>
   <SCRTEXT_S></SCRTEXT_S>
   <SCRTEXT_M></SCRTEXT_M>
   <SCRTEXT_L></SCRTEXT_L>
   <DOMMASTER></DOMMASTER>
   <RESERVEDOM></RESERVEDOM>
   <DOMGLOBAL></DOMGLOBAL>
   <DOMNAME3L>ZNUMPED05</DOMNAME3L>
   <SHLPORIGIN>F</SHLPORIGIN>
   <SHLPNAME></SHLPNAME>
   <SHLPFIELD></SHLPFIELD>
   <TABLETYPE></TABLETYPE>
   <DEPTH>00</DEPTH>
   <COMPTYPE>E</COMPTYPE>
   <DEFFDNAME></DEFFDNAME>
   <GROUPNAME></GROUPNAME>
   <REFTYPE></REFTYPE>
   <PROXYTYPE></PROXYTYPE>
   <LANGUFLAG></LANGUFLAG>
   <EXCLASS>0</EXCLASS>
   <LTRFLDDIS></LTRFLDDIS>
   <BIDICTRLC></BIDICTRLC>
   <DBPOSITION>0000</DBPOSITION>
   <ANONYMOUS></ANONYMOUS>
   <OUTPUTSTYLE>00</OUTPUTSTYLE>
   <NOHISTORY></NOHISTORY>
   <AMPMFORMAT></AMPMFORMAT>
   <STREAMORLOC></STREAMORLOC>
   <STRORLOCPOS>00</STRORLOCPOS>
  </DD03P>
  <DD03P>
   <TABNAME>ZACAD</TABNAME>
   <FIELDNAME>YYCODCOMP</FIELDNAME>
   <DDLANGUAGE></DDLANGUAGE>
   <POSITION>0002</POSITION>
   <KEYFLAG></KEYFLAG>
   <MANDATORY></MANDATORY>
   <ROLLNAME>ZCOMPR05</ROLLNAME>
   <CHECKTABLE></CHECKTABLE>
   <ADMINFIELD>0</ADMINFIELD>
   <INTTYPE>C</INTTYPE>
   <INTLEN>000002</INTLEN>
   <REFTABLE></REFTABLE>
   <PRECFIELD></PRECFIELD>
   <REFFIELD></REFFIELD>
   <CONROUT></CONROUT>
   <NOTNULL></NOTNULL>
   <DOMNAME>ZCOMPR05</DOMNAME>
   <ROUTPUTLEN>000000</ROUTPUTLEN>
   <MEMORYID></MEMORYID>
   <LOGFLAG></LOGFLAG>
   <HEADLEN>19</HEADLEN>
   <SCRLEN1>09</SCRLEN1>
   <SCRLEN2>19</SCRLEN2>
   <SCRLEN3>19</SCRLEN3>
   <DTELGLOBAL></DTELGLOBAL>
   <DTELMASTER></DTELMASTER>
   <RESERVEDTE></RESERVEDTE>
   <DATATYPE>CHAR</DATATYPE>
   <LENG>000001</LENG>
   <OUTPUTLEN>000001</OUTPUTLEN>
   <DECIMALS>000000</DECIMALS>
   <LOWERCASE></LOWERCASE>
   <SIGNFLAG></SIGNFLAG>
   <LANGFLAG></LANGFLAG>
   <VALEXI>X</VALEXI>
   <ENTITYTAB></ENTITYTAB>
   <CONVEXIT></CONVEXIT>
   <MASK>  CHARE</MASK>
   <MASKLEN>0000</MASKLEN>
   <ACTFLAG></ACTFLAG>
   <DDTEXT></DDTEXT>
   <REPTEXT></REPTEXT>
   <SCRTEXT_S></SCRTEXT_S>
   <SCRTEXT_M></SCRTEXT_M>
   <SCRTEXT_L></SCRTEXT_L>
   <DOMMASTER></DOMMASTER>
   <RESERVEDOM></RESERVEDOM>
   <DOMGLOBAL></DOMGLOBAL>
   <DOMNAME3L>ZCOMPR05</DOMNAME3L>
   <SHLPORIGIN>F</SHLPORIGIN>
   <SHLPNAME></SHLPNAME>
   <SHLPFIELD></SHLPFIELD>
   <TABLETYPE></TABLETYPE>
   <DEPTH>00</DEPTH>
   <COMPTYPE>E</COMPTYPE>
   <DEFFDNAME></DEFFDNAME>
   <GROUPNAME></GROUPNAME>
   <REFTYPE></REFTYPE>
   <PROXYTYPE></PROXYTYPE>
   <LANGUFLAG></LANGUFLAG>
   <EXCLASS>0</EXCLASS>
   <LTRFLDDIS></LTRFLDDIS>
   <BIDICTRLC></BIDICTRLC>
   <DBPOSITION>0000</DBPOSITION>
   <ANONYMOUS></ANONYMOUS>
   <OUTPUTSTYLE>00</OUTPUTSTYLE>
   <NOHISTORY></NOHISTORY>
   <AMPMFORMAT></AMPMFORMAT>
   <STREAMORLOC></STREAMORLOC>
   <STRORLOCPOS>00</STRORLOCPOS>
  </DD03P>
 </DD03P_TABLE>
 <DD05M_TABLE/>
 <DD08V_TABLE/>
 <DD12VTAB/>
 <DD17VTAB/>
 <DD35V_TALE/>
 <DD36MTTYP/>
</abapGit>
