﻿<?xml version="1.0" encoding="utf-8"?>
<abapGit version="v0.2-alpha">
 <DD04V>
  <ROLLNAME>ZCODMOE01</ROLLNAME>
  <DDLANGUAGE>E</DDLANGUAGE>
  <DOMNAME>WAERS</DOMNAME>
  <ROUTPUTLEN>000000</ROUTPUTLEN>
  <MEMORYID></MEMORYID>
  <LOGFLAG></LOGFLAG>
  <HEADLEN>15</HEADLEN>
  <SCRLEN1>09</SCRLEN1>
  <SCRLEN2>15</SCRLEN2>
  <SCRLEN3>15</SCRLEN3>
  <DDTEXT>Codigo da Moeda</DDTEXT>
  <REPTEXT>Codigo da Moeda</REPTEXT>
  <SCRTEXT_S>Cod.Moeda</SCRTEXT_S>
  <SCRTEXT_M>Codigo da Moeda</SCRTEXT_M>
  <SCRTEXT_L>Codigo da Moeda</SCRTEXT_L>
  <ACTFLAG></ACTFLAG>
  <APPLCLASS></APPLCLASS>
  <AUTHCLASS>00</AUTHCLASS>
  <AS4USER></AS4USER>
  <AS4DATE>00000000</AS4DATE>
  <AS4TIME>000000</AS4TIME>
  <DTELMASTER>E</DTELMASTER>
  <RESERVEDTE></RESERVEDTE>
  <DTELGLOBAL></DTELGLOBAL>
  <SHLPNAME></SHLPNAME>
  <SHLPFIELD></SHLPFIELD>
  <DEFFDNAME></DEFFDNAME>
  <DATATYPE>CUKY</DATATYPE>
  <LENG>000005</LENG>
  <DECIMALS>000000</DECIMALS>
  <OUTPUTLEN>000005</OUTPUTLEN>
  <LOWERCASE></LOWERCASE>
  <SIGNFLAG></SIGNFLAG>
  <CONVEXIT></CONVEXIT>
  <VALEXI></VALEXI>
  <ENTITYTAB>TCURC</ENTITYTAB>
  <REFKIND>D</REFKIND>
  <REFTYPE></REFTYPE>
  <PROXYTYPE></PROXYTYPE>
  <LTRFLDDIS></LTRFLDDIS>
  <BIDICTRLC></BIDICTRLC>
  <NOHISTORY></NOHISTORY>
 </DD04V>
 <TPARA>
  <PARAMID></PARAMID>
  <PARTEXT></PARTEXT>
 </TPARA>
</abapGit>
