﻿<?xml version="1.0" encoding="utf-8"?>
<abapGit version="v0.2-alpha">
 <DD04V>
  <ROLLNAME>ZCOMPR01</ROLLNAME>
  <DDLANGUAGE>E</DDLANGUAGE>
  <DOMNAME>ZCOMPR01</DOMNAME>
  <ROUTPUTLEN>000000</ROUTPUTLEN>
  <MEMORYID></MEMORYID>
  <LOGFLAG></LOGFLAG>
  <HEADLEN>16</HEADLEN>
  <SCRLEN1>10</SCRLEN1>
  <SCRLEN2>16</SCRLEN2>
  <SCRLEN3>20</SCRLEN3>
  <DDTEXT>Codigo da Compra</DDTEXT>
  <REPTEXT>Codigo da Compra</REPTEXT>
  <SCRTEXT_S>Cod.Compra</SCRTEXT_S>
  <SCRTEXT_M>Codigo da Compra</SCRTEXT_M>
  <SCRTEXT_L>Codigo da Compra</SCRTEXT_L>
  <ACTFLAG></ACTFLAG>
  <APPLCLASS></APPLCLASS>
  <AUTHCLASS>00</AUTHCLASS>
  <AS4USER></AS4USER>
  <AS4DATE>00000000</AS4DATE>
  <AS4TIME>000000</AS4TIME>
  <DTELMASTER>E</DTELMASTER>
  <RESERVEDTE></RESERVEDTE>
  <DTELGLOBAL></DTELGLOBAL>
  <SHLPNAME></SHLPNAME>
  <SHLPFIELD></SHLPFIELD>
  <DEFFDNAME></DEFFDNAME>
  <DATATYPE>CHAR</DATATYPE>
  <LENG>000001</LENG>
  <DECIMALS>000000</DECIMALS>
  <OUTPUTLEN>000001</OUTPUTLEN>
  <LOWERCASE></LOWERCASE>
  <SIGNFLAG></SIGNFLAG>
  <CONVEXIT></CONVEXIT>
  <VALEXI>X</VALEXI>
  <ENTITYTAB></ENTITYTAB>
  <REFKIND>D</REFKIND>
  <REFTYPE></REFTYPE>
  <PROXYTYPE></PROXYTYPE>
  <LTRFLDDIS></LTRFLDDIS>
  <BIDICTRLC></BIDICTRLC>
  <NOHISTORY></NOHISTORY>
 </DD04V>
 <TPARA>
  <PARAMID></PARAMID>
  <PARTEXT></PARTEXT>
 </TPARA>
</abapGit>
