﻿<?xml version="1.0" encoding="utf-8"?>
<abapGit version="v0.2-alpha">
 <DD02V>
  <TABNAME>ZFOR_04</TABNAME>
  <DDLANGUAGE>E</DDLANGUAGE>
  <TABCLASS>TRANSP</TABCLASS>
  <SQLTAB></SQLTAB>
  <DATMIN>0000000000</DATMIN>
  <DATMAX>0000000000</DATMAX>
  <DATAVG>0000000000</DATAVG>
  <CLIDEP>X</CLIDEP>
  <BUFFERED></BUFFERED>
  <COMPRFLAG></COMPRFLAG>
  <LANGDEP></LANGDEP>
  <DDTEXT>Cad. de Fornecedores</DDTEXT>
  <ACTFLAG></ACTFLAG>
  <APPLCLASS></APPLCLASS>
  <AUTHCLASS>00</AUTHCLASS>
  <AS4USER></AS4USER>
  <AS4DATE>00000000</AS4DATE>
  <AS4TIME>000000</AS4TIME>
  <MASTERLANG></MASTERLANG>
  <MAINFLAG>X</MAINFLAG>
  <CONTFLAG>A</CONTFLAG>
  <RESERVETAB></RESERVETAB>
  <GLOBALFLAG></GLOBALFLAG>
  <PROZPUFF>000</PROZPUFF>
  <VIEWCLASS></VIEWCLASS>
  <VIEWGRANT></VIEWGRANT>
  <MULTIPLEX></MULTIPLEX>
  <SHLPEXI></SHLPEXI>
  <PROXYTYPE></PROXYTYPE>
  <EXCLASS>0</EXCLASS>
  <WRONGCL></WRONGCL>
 </DD02V>
 <DD09L>
  <TABNAME>ZFOR_04</TABNAME>
  <AS4LOCAL>A</AS4LOCAL>
  <AS4VERS>0000</AS4VERS>
  <TABKAT>0</TABKAT>
  <TABART>APPL0</TABART>
  <PUFFERUNG></PUFFERUNG>
  <SCHFELDANZ>000</SCHFELDANZ>
  <PROTOKOLL></PROTOKOLL>
  <SPEICHPUFF></SPEICHPUFF>
  <AS4USER></AS4USER>
  <AS4DATE>00000000</AS4DATE>
  <AS4TIME>000000</AS4TIME>
  <TRANSPFLAG></TRANSPFLAG>
  <RESERVE></RESERVE>
  <UEBERSETZ></UEBERSETZ>
  <ACTFLAG></ACTFLAG>
  <BUFALLOW>N</BUFALLOW>
  <JAVAONLY></JAVAONLY>
 </DD09L>
 <DD03P_TABLE>
  <DD03P>
   <TABNAME>ZFOR_04</TABNAME>
   <FIELDNAME>MANDT</FIELDNAME>
   <DDLANGUAGE></DDLANGUAGE>
   <POSITION>0001</POSITION>
   <KEYFLAG>X</KEYFLAG>
   <MANDATORY></MANDATORY>
   <ROLLNAME>MANDT</ROLLNAME>
   <CHECKTABLE></CHECKTABLE>
   <ADMINFIELD>0</ADMINFIELD>
   <INTTYPE>C</INTTYPE>
   <INTLEN>000006</INTLEN>
   <REFTABLE></REFTABLE>
   <PRECFIELD></PRECFIELD>
   <REFFIELD></REFFIELD>
   <CONROUT></CONROUT>
   <NOTNULL>X</NOTNULL>
   <DOMNAME>MANDT</DOMNAME>
   <ROUTPUTLEN>000000</ROUTPUTLEN>
   <MEMORYID></MEMORYID>
   <LOGFLAG></LOGFLAG>
   <HEADLEN>03</HEADLEN>
   <SCRLEN1>10</SCRLEN1>
   <SCRLEN2>15</SCRLEN2>
   <SCRLEN3>20</SCRLEN3>
   <DTELGLOBAL></DTELGLOBAL>
   <DTELMASTER></DTELMASTER>
   <RESERVEDTE></RESERVEDTE>
   <DATATYPE>CLNT</DATATYPE>
   <LENG>000003</LENG>
   <OUTPUTLEN>000003</OUTPUTLEN>
   <DECIMALS>000000</DECIMALS>
   <LOWERCASE></LOWERCASE>
   <SIGNFLAG></SIGNFLAG>
   <LANGFLAG></LANGFLAG>
   <VALEXI></VALEXI>
   <ENTITYTAB>T000</ENTITYTAB>
   <CONVEXIT></CONVEXIT>
   <MASK>  CLNTE</MASK>
   <MASKLEN>0000</MASKLEN>
   <ACTFLAG></ACTFLAG>
   <DDTEXT></DDTEXT>
   <REPTEXT></REPTEXT>
   <SCRTEXT_S></SCRTEXT_S>
   <SCRTEXT_M></SCRTEXT_M>
   <SCRTEXT_L></SCRTEXT_L>
   <DOMMASTER></DOMMASTER>
   <RESERVEDOM></RESERVEDOM>
   <DOMGLOBAL></DOMGLOBAL>
   <DOMNAME3L>MANDT</DOMNAME3L>
   <SHLPORIGIN></SHLPORIGIN>
   <SHLPNAME></SHLPNAME>
   <SHLPFIELD></SHLPFIELD>
   <TABLETYPE></TABLETYPE>
   <DEPTH>00</DEPTH>
   <COMPTYPE>E</COMPTYPE>
   <DEFFDNAME></DEFFDNAME>
   <GROUPNAME></GROUPNAME>
   <REFTYPE></REFTYPE>
   <PROXYTYPE></PROXYTYPE>
   <LANGUFLAG></LANGUFLAG>
   <EXCLASS>0</EXCLASS>
   <LTRFLDDIS></LTRFLDDIS>
   <BIDICTRLC></BIDICTRLC>
   <DBPOSITION>0000</DBPOSITION>
   <ANONYMOUS></ANONYMOUS>
   <OUTPUTSTYLE>00</OUTPUTSTYLE>
   <NOHISTORY></NOHISTORY>
   <AMPMFORMAT></AMPMFORMAT>
   <STREAMORLOC></STREAMORLOC>
   <STRORLOCPOS>00</STRORLOCPOS>
  </DD03P>
  <DD03P>
   <TABNAME>ZFOR_04</TABNAME>
   <FIELDNAME>CODFOR</FIELDNAME>
   <DDLANGUAGE></DDLANGUAGE>
   <POSITION>0002</POSITION>
   <KEYFLAG>X</KEYFLAG>
   <MANDATORY></MANDATORY>
   <ROLLNAME>LIFNR</ROLLNAME>
   <CHECKTABLE>LFA1</CHECKTABLE>
   <ADMINFIELD>0</ADMINFIELD>
   <INTTYPE>C</INTTYPE>
   <INTLEN>000020</INTLEN>
   <REFTABLE></REFTABLE>
   <PRECFIELD></PRECFIELD>
   <REFFIELD></REFFIELD>
   <CONROUT></CONROUT>
   <NOTNULL>X</NOTNULL>
   <DOMNAME>LIFNR</DOMNAME>
   <ROUTPUTLEN>000000</ROUTPUTLEN>
   <MEMORYID>LIF</MEMORYID>
   <LOGFLAG>X</LOGFLAG>
   <HEADLEN>10</HEADLEN>
   <SCRLEN1>10</SCRLEN1>
   <SCRLEN2>15</SCRLEN2>
   <SCRLEN3>20</SCRLEN3>
   <DTELGLOBAL></DTELGLOBAL>
   <DTELMASTER></DTELMASTER>
   <RESERVEDTE></RESERVEDTE>
   <DATATYPE>CHAR</DATATYPE>
   <LENG>000010</LENG>
   <OUTPUTLEN>000010</OUTPUTLEN>
   <DECIMALS>000000</DECIMALS>
   <LOWERCASE></LOWERCASE>
   <SIGNFLAG></SIGNFLAG>
   <LANGFLAG></LANGFLAG>
   <VALEXI></VALEXI>
   <ENTITYTAB>LFA1</ENTITYTAB>
   <CONVEXIT>ALPHA</CONVEXIT>
   <MASK>  CHARE</MASK>
   <MASKLEN>0000</MASKLEN>
   <ACTFLAG></ACTFLAG>
   <DDTEXT></DDTEXT>
   <REPTEXT></REPTEXT>
   <SCRTEXT_S></SCRTEXT_S>
   <SCRTEXT_M></SCRTEXT_M>
   <SCRTEXT_L></SCRTEXT_L>
   <DOMMASTER></DOMMASTER>
   <RESERVEDOM></RESERVEDOM>
   <DOMGLOBAL></DOMGLOBAL>
   <DOMNAME3L>LIFNR</DOMNAME3L>
   <SHLPORIGIN>P</SHLPORIGIN>
   <SHLPNAME>KRED_C</SHLPNAME>
   <SHLPFIELD>LIFNR</SHLPFIELD>
   <TABLETYPE></TABLETYPE>
   <DEPTH>00</DEPTH>
   <COMPTYPE>E</COMPTYPE>
   <DEFFDNAME>VENDOR_NO</DEFFDNAME>
   <GROUPNAME></GROUPNAME>
   <REFTYPE></REFTYPE>
   <PROXYTYPE></PROXYTYPE>
   <LANGUFLAG></LANGUFLAG>
   <EXCLASS>0</EXCLASS>
   <LTRFLDDIS></LTRFLDDIS>
   <BIDICTRLC></BIDICTRLC>
   <DBPOSITION>0000</DBPOSITION>
   <ANONYMOUS></ANONYMOUS>
   <OUTPUTSTYLE>00</OUTPUTSTYLE>
   <NOHISTORY></NOHISTORY>
   <AMPMFORMAT></AMPMFORMAT>
   <STREAMORLOC></STREAMORLOC>
   <STRORLOCPOS>00</STRORLOCPOS>
  </DD03P>
  <DD03P>
   <TABNAME>ZFOR_04</TABNAME>
   <FIELDNAME>TOTPEDANO</FIELDNAME>
   <DDLANGUAGE></DDLANGUAGE>
   <POSITION>0003</POSITION>
   <KEYFLAG></KEYFLAG>
   <MANDATORY></MANDATORY>
   <ROLLNAME>ZTOTPEDA04</ROLLNAME>
   <CHECKTABLE></CHECKTABLE>
   <ADMINFIELD>0</ADMINFIELD>
   <INTTYPE>P</INTTYPE>
   <INTLEN>000007</INTLEN>
   <REFTABLE>ZFOR_04</REFTABLE>
   <PRECFIELD></PRECFIELD>
   <REFFIELD>CODMOE</REFFIELD>
   <CONROUT></CONROUT>
   <NOTNULL></NOTNULL>
   <DOMNAME>ZOTPEDA04</DOMNAME>
   <ROUTPUTLEN>000000</ROUTPUTLEN>
   <MEMORYID></MEMORYID>
   <LOGFLAG></LOGFLAG>
   <HEADLEN>16</HEADLEN>
   <SCRLEN1>08</SCRLEN1>
   <SCRLEN2>16</SCRLEN2>
   <SCRLEN3>16</SCRLEN3>
   <DTELGLOBAL></DTELGLOBAL>
   <DTELMASTER></DTELMASTER>
   <RESERVEDTE></RESERVEDTE>
   <DATATYPE>CURR</DATATYPE>
   <LENG>000013</LENG>
   <OUTPUTLEN>000017</OUTPUTLEN>
   <DECIMALS>000002</DECIMALS>
   <LOWERCASE></LOWERCASE>
   <SIGNFLAG></SIGNFLAG>
   <LANGFLAG></LANGFLAG>
   <VALEXI></VALEXI>
   <ENTITYTAB></ENTITYTAB>
   <CONVEXIT></CONVEXIT>
   <MASK>  CURRE</MASK>
   <MASKLEN>0000</MASKLEN>
   <ACTFLAG></ACTFLAG>
   <DDTEXT></DDTEXT>
   <REPTEXT></REPTEXT>
   <SCRTEXT_S></SCRTEXT_S>
   <SCRTEXT_M></SCRTEXT_M>
   <SCRTEXT_L></SCRTEXT_L>
   <DOMMASTER></DOMMASTER>
   <RESERVEDOM></RESERVEDOM>
   <DOMGLOBAL></DOMGLOBAL>
   <DOMNAME3L>ZOTPEDA04</DOMNAME3L>
   <SHLPORIGIN></SHLPORIGIN>
   <SHLPNAME></SHLPNAME>
   <SHLPFIELD></SHLPFIELD>
   <TABLETYPE></TABLETYPE>
   <DEPTH>00</DEPTH>
   <COMPTYPE>E</COMPTYPE>
   <DEFFDNAME></DEFFDNAME>
   <GROUPNAME></GROUPNAME>
   <REFTYPE></REFTYPE>
   <PROXYTYPE></PROXYTYPE>
   <LANGUFLAG></LANGUFLAG>
   <EXCLASS>0</EXCLASS>
   <LTRFLDDIS></LTRFLDDIS>
   <BIDICTRLC></BIDICTRLC>
   <DBPOSITION>0000</DBPOSITION>
   <ANONYMOUS></ANONYMOUS>
   <OUTPUTSTYLE>00</OUTPUTSTYLE>
   <NOHISTORY></NOHISTORY>
   <AMPMFORMAT></AMPMFORMAT>
   <STREAMORLOC></STREAMORLOC>
   <STRORLOCPOS>00</STRORLOCPOS>
  </DD03P>
  <DD03P>
   <TABNAME>ZFOR_04</TABNAME>
   <FIELDNAME>CODMOE</FIELDNAME>
   <DDLANGUAGE></DDLANGUAGE>
   <POSITION>0004</POSITION>
   <KEYFLAG></KEYFLAG>
   <MANDATORY></MANDATORY>
   <ROLLNAME>ZCODMOE04</ROLLNAME>
   <CHECKTABLE>TCURC</CHECKTABLE>
   <ADMINFIELD>0</ADMINFIELD>
   <INTTYPE>C</INTTYPE>
   <INTLEN>000010</INTLEN>
   <REFTABLE></REFTABLE>
   <PRECFIELD></PRECFIELD>
   <REFFIELD></REFFIELD>
   <CONROUT></CONROUT>
   <NOTNULL></NOTNULL>
   <DOMNAME>WAERS</DOMNAME>
   <ROUTPUTLEN>000000</ROUTPUTLEN>
   <MEMORYID></MEMORYID>
   <LOGFLAG></LOGFLAG>
   <HEADLEN>12</HEADLEN>
   <SCRLEN1>10</SCRLEN1>
   <SCRLEN2>12</SCRLEN2>
   <SCRLEN3>12</SCRLEN3>
   <DTELGLOBAL></DTELGLOBAL>
   <DTELMASTER></DTELMASTER>
   <RESERVEDTE></RESERVEDTE>
   <DATATYPE>CUKY</DATATYPE>
   <LENG>000005</LENG>
   <OUTPUTLEN>000005</OUTPUTLEN>
   <DECIMALS>000000</DECIMALS>
   <LOWERCASE></LOWERCASE>
   <SIGNFLAG></SIGNFLAG>
   <LANGFLAG></LANGFLAG>
   <VALEXI></VALEXI>
   <ENTITYTAB>TCURC</ENTITYTAB>
   <CONVEXIT></CONVEXIT>
   <MASK>  CUKYE</MASK>
   <MASKLEN>0000</MASKLEN>
   <ACTFLAG></ACTFLAG>
   <DDTEXT></DDTEXT>
   <REPTEXT></REPTEXT>
   <SCRTEXT_S></SCRTEXT_S>
   <SCRTEXT_M></SCRTEXT_M>
   <SCRTEXT_L></SCRTEXT_L>
   <DOMMASTER></DOMMASTER>
   <RESERVEDOM></RESERVEDOM>
   <DOMGLOBAL></DOMGLOBAL>
   <DOMNAME3L>WAERS</DOMNAME3L>
   <SHLPORIGIN>P</SHLPORIGIN>
   <SHLPNAME></SHLPNAME>
   <SHLPFIELD></SHLPFIELD>
   <TABLETYPE></TABLETYPE>
   <DEPTH>00</DEPTH>
   <COMPTYPE>E</COMPTYPE>
   <DEFFDNAME></DEFFDNAME>
   <GROUPNAME></GROUPNAME>
   <REFTYPE></REFTYPE>
   <PROXYTYPE></PROXYTYPE>
   <LANGUFLAG></LANGUFLAG>
   <EXCLASS>0</EXCLASS>
   <LTRFLDDIS></LTRFLDDIS>
   <BIDICTRLC></BIDICTRLC>
   <DBPOSITION>0000</DBPOSITION>
   <ANONYMOUS></ANONYMOUS>
   <OUTPUTSTYLE>00</OUTPUTSTYLE>
   <NOHISTORY></NOHISTORY>
   <AMPMFORMAT></AMPMFORMAT>
   <STREAMORLOC></STREAMORLOC>
   <STRORLOCPOS>00</STRORLOCPOS>
  </DD03P>
  <DD03P>
   <TABNAME>ZFOR_04</TABNAME>
   <FIELDNAME>STATUSFOR</FIELDNAME>
   <DDLANGUAGE></DDLANGUAGE>
   <POSITION>0005</POSITION>
   <KEYFLAG></KEYFLAG>
   <MANDATORY></MANDATORY>
   <ROLLNAME>ZSTATUSF04</ROLLNAME>
   <CHECKTABLE></CHECKTABLE>
   <ADMINFIELD>0</ADMINFIELD>
   <INTTYPE>N</INTTYPE>
   <INTLEN>000002</INTLEN>
   <REFTABLE></REFTABLE>
   <PRECFIELD></PRECFIELD>
   <REFFIELD></REFFIELD>
   <CONROUT></CONROUT>
   <NOTNULL></NOTNULL>
   <DOMNAME>ZSTATUSF04</DOMNAME>
   <ROUTPUTLEN>000000</ROUTPUTLEN>
   <MEMORYID></MEMORYID>
   <LOGFLAG></LOGFLAG>
   <HEADLEN>17</HEADLEN>
   <SCRLEN1>10</SCRLEN1>
   <SCRLEN2>17</SCRLEN2>
   <SCRLEN3>17</SCRLEN3>
   <DTELGLOBAL></DTELGLOBAL>
   <DTELMASTER></DTELMASTER>
   <RESERVEDTE></RESERVEDTE>
   <DATATYPE>NUMC</DATATYPE>
   <LENG>000001</LENG>
   <OUTPUTLEN>000001</OUTPUTLEN>
   <DECIMALS>000000</DECIMALS>
   <LOWERCASE></LOWERCASE>
   <SIGNFLAG></SIGNFLAG>
   <LANGFLAG></LANGFLAG>
   <VALEXI>X</VALEXI>
   <ENTITYTAB></ENTITYTAB>
   <CONVEXIT></CONVEXIT>
   <MASK>  NUMCE</MASK>
   <MASKLEN>0000</MASKLEN>
   <ACTFLAG></ACTFLAG>
   <DDTEXT></DDTEXT>
   <REPTEXT></REPTEXT>
   <SCRTEXT_S></SCRTEXT_S>
   <SCRTEXT_M></SCRTEXT_M>
   <SCRTEXT_L></SCRTEXT_L>
   <DOMMASTER></DOMMASTER>
   <RESERVEDOM></RESERVEDOM>
   <DOMGLOBAL></DOMGLOBAL>
   <DOMNAME3L>ZSTATUSF04</DOMNAME3L>
   <SHLPORIGIN>F</SHLPORIGIN>
   <SHLPNAME></SHLPNAME>
   <SHLPFIELD></SHLPFIELD>
   <TABLETYPE></TABLETYPE>
   <DEPTH>00</DEPTH>
   <COMPTYPE>E</COMPTYPE>
   <DEFFDNAME></DEFFDNAME>
   <GROUPNAME></GROUPNAME>
   <REFTYPE></REFTYPE>
   <PROXYTYPE></PROXYTYPE>
   <LANGUFLAG></LANGUFLAG>
   <EXCLASS>0</EXCLASS>
   <LTRFLDDIS></LTRFLDDIS>
   <BIDICTRLC></BIDICTRLC>
   <DBPOSITION>0000</DBPOSITION>
   <ANONYMOUS></ANONYMOUS>
   <OUTPUTSTYLE>00</OUTPUTSTYLE>
   <NOHISTORY></NOHISTORY>
   <AMPMFORMAT></AMPMFORMAT>
   <STREAMORLOC></STREAMORLOC>
   <STRORLOCPOS>00</STRORLOCPOS>
  </DD03P>
 </DD03P_TABLE>
 <DD05M_TABLE>
  <DD05M>
   <TABNAME>ZFOR_04</TABNAME>
   <FIELDNAME>CODFOR</FIELDNAME>
   <FORTABLE>ZFOR_04</FORTABLE>
   <FORKEY>MANDT</FORKEY>
   <CHECKTABLE>LFA1</CHECKTABLE>
   <CHECKFIELD>MANDT</CHECKFIELD>
   <PRIMPOS>0001</PRIMPOS>
   <DOMNAME>MANDT</DOMNAME>
   <DATATYPE>CLNT</DATATYPE>
   <LENG>000003</LENG>
   <FORSTRING></FORSTRING>
  </DD05M>
  <DD05M>
   <TABNAME>ZFOR_04</TABNAME>
   <FIELDNAME>CODFOR</FIELDNAME>
   <FORTABLE>ZFOR_04</FORTABLE>
   <FORKEY>CODFOR</FORKEY>
   <CHECKTABLE>LFA1</CHECKTABLE>
   <CHECKFIELD>LIFNR</CHECKFIELD>
   <PRIMPOS>0002</PRIMPOS>
   <DOMNAME>LIFNR</DOMNAME>
   <DATATYPE>CHAR</DATATYPE>
   <LENG>000010</LENG>
   <FORSTRING></FORSTRING>
  </DD05M>
  <DD05M>
   <TABNAME>ZFOR_04</TABNAME>
   <FIELDNAME>CODMOE</FIELDNAME>
   <FORTABLE>ZFOR_04</FORTABLE>
   <FORKEY>MANDT</FORKEY>
   <CHECKTABLE>TCURC</CHECKTABLE>
   <CHECKFIELD>MANDT</CHECKFIELD>
   <PRIMPOS>0001</PRIMPOS>
   <DOMNAME>MANDT</DOMNAME>
   <DATATYPE>CLNT</DATATYPE>
   <LENG>000003</LENG>
   <FORSTRING></FORSTRING>
  </DD05M>
  <DD05M>
   <TABNAME>ZFOR_04</TABNAME>
   <FIELDNAME>CODMOE</FIELDNAME>
   <FORTABLE>ZFOR_04</FORTABLE>
   <FORKEY>CODMOE</FORKEY>
   <CHECKTABLE>TCURC</CHECKTABLE>
   <CHECKFIELD>WAERS</CHECKFIELD>
   <PRIMPOS>0002</PRIMPOS>
   <DOMNAME>WAERS</DOMNAME>
   <DATATYPE>CUKY</DATATYPE>
   <LENG>000005</LENG>
   <FORSTRING></FORSTRING>
  </DD05M>
 </DD05M_TABLE>
 <DD08V_TABLE>
  <DD08V>
   <TABNAME>ZFOR_04</TABNAME>
   <FIELDNAME>CODFOR</FIELDNAME>
   <DDLANGUAGE>E</DDLANGUAGE>
   <CHECKTABLE>LFA1</CHECKTABLE>
   <FRKART>KEY</FRKART>
   <CLASFIELD></CLASFIELD>
   <CLASVALUE></CLASVALUE>
   <CARD>C</CARD>
   <CHECKFLAG></CHECKFLAG>
   <DDTEXT>Valida Fornecedor</DDTEXT>
   <ARBGB></ARBGB>
   <MSGNR></MSGNR>
   <NOINHERIT></NOINHERIT>
   <CARDLEFT>1</CARDLEFT>
  </DD08V>
  <DD08V>
   <TABNAME>ZFOR_04</TABNAME>
   <FIELDNAME>CODMOE</FIELDNAME>
   <DDLANGUAGE>E</DDLANGUAGE>
   <CHECKTABLE>TCURC</CHECKTABLE>
   <FRKART>REF</FRKART>
   <CLASFIELD></CLASFIELD>
   <CLASVALUE></CLASVALUE>
   <CARD>CN</CARD>
   <CHECKFLAG></CHECKFLAG>
   <DDTEXT>Valida Moeda</DDTEXT>
   <ARBGB></ARBGB>
   <MSGNR></MSGNR>
   <NOINHERIT></NOINHERIT>
   <CARDLEFT>1</CARDLEFT>
  </DD08V>
 </DD08V_TABLE>
 <DD12VTAB/>
 <DD17VTAB/>
 <DD35V_TALE/>
 <DD36MTTYP/>
</abapGit>
