﻿<?xml version="1.0" encoding="utf-8"?>
<abapGit version="v0.2-alpha">
 <AREAT>Criando grupo de função - aluno Emerson.</AREAT>
 <TY_RS38L_INCL_TT>
  <RS38L_INCL>
   <FUNCNAME>Z_CALC_EXPO_03</FUNCNAME>
   <INCLUDE>LZGRP_03U01</INCLUDE>
  </RS38L_INCL>
  <RS38L_INCL>
   <FUNCNAME>LER_UMA_RESERVA</FUNCNAME>
   <INCLUDE>LZGRP_03U02</INCLUDE>
  </RS38L_INCL>
  <RS38L_INCL>
   <FUNCNAME>LER_UMA_RESERVA2</FUNCNAME>
   <INCLUDE>LZGRP_03U03</INCLUDE>
  </RS38L_INCL>
  <RS38L_INCL>
   <FUNCNAME>LER_UMA_RESERVA_MODIFICADO</FUNCNAME>
   <INCLUDE>LZGRP_03U04</INCLUDE>
  </RS38L_INCL>
  <RS38L_INCL>
   <FUNCNAME>Z_CASA_MODULO_INSERT_TABELAS</FUNCNAME>
   <INCLUDE>LZGRP_03U05</INCLUDE>
  </RS38L_INCL>
 </TY_RS38L_INCL_TT>
 <RSO_T_OBJNM>
  <SOBJ_NAME>LZGRP_03TOP</SOBJ_NAME>
  <SOBJ_NAME>SAPLZGRP_03</SOBJ_NAME>
 </RSO_T_OBJNM>
</abapGit>
