﻿<?xml version="1.0" encoding="utf-8"?>
<abapGit version="v0.2-alpha">
 <AREAT>Grupo de Funções DEMO - Elard</AREAT>
 <TY_RS38L_INCL_TT>
  <RS38L_INCL>
   <FUNCNAME>Z_CALC_EXPO_00</FUNCNAME>
   <INCLUDE>LZGRP_00U01</INCLUDE>
  </RS38L_INCL>
  <RS38L_INCL>
   <FUNCNAME>Z_LER_UM_VOO</FUNCNAME>
   <INCLUDE>LZGRP_00U02</INCLUDE>
  </RS38L_INCL>
  <RS38L_INCL>
   <FUNCNAME>Z_LER_VARIOS_VOO</FUNCNAME>
   <INCLUDE>LZGRP_00U03</INCLUDE>
  </RS38L_INCL>
 </TY_RS38L_INCL_TT>
 <RSO_T_OBJNM>
  <SOBJ_NAME>LZGRP_00TOP</SOBJ_NAME>
  <SOBJ_NAME>SAPLZGRP_00</SOBJ_NAME>
 </RSO_T_OBJNM>
</abapGit>
