﻿<?xml version="1.0" encoding="utf-8"?>
<abapGit version="v0.2-alpha">
 <RS38L_GLOB></RS38L_GLOB>
 <FMODE></FMODE>
 <RS38L_TASK></RS38L_TASK>
 <RS38L_FTXT>Leitura de vários vôos</RS38L_FTXT>
 <RS38L_BXML></RS38L_BXML>
 <IMPORT>
  <RSIMP>
   <PARAMETER>IM_CIA</PARAMETER>
   <DBFIELD></DBFIELD>
   <DEFAULT></DEFAULT>
   <TYPES></TYPES>
   <OPTIONAL></OPTIONAL>
   <REFERENCE>X</REFERENCE>
   <CHANGING></CHANGING>
   <TYP>SFLIGHT-CARRID</TYP>
   <CLASS></CLASS>
   <REF_CLASS></REF_CLASS>
   <LINE_OF></LINE_OF>
   <TABLE_OF></TABLE_OF>
  </RSIMP>
  <RSIMP>
   <PARAMETER>IM_VOO</PARAMETER>
   <DBFIELD></DBFIELD>
   <DEFAULT></DEFAULT>
   <TYPES></TYPES>
   <OPTIONAL></OPTIONAL>
   <REFERENCE>X</REFERENCE>
   <CHANGING></CHANGING>
   <TYP>SFLIGHT-CONNID</TYP>
   <CLASS></CLASS>
   <REF_CLASS></REF_CLASS>
   <LINE_OF></LINE_OF>
   <TABLE_OF></TABLE_OF>
  </RSIMP>
 </IMPORT>
 <CHANGING/>
 <EXPORT>
  <RSEXP>
   <PARAMETER>EX_VOOS</PARAMETER>
   <DBFIELD></DBFIELD>
   <TYPES></TYPES>
   <REFERENCE>X</REFERENCE>
   <TYP>ZTY_MEUS_VOOS</TYP>
   <CLASS></CLASS>
   <REF_CLASS></REF_CLASS>
   <LINE_OF></LINE_OF>
   <TABLE_OF></TABLE_OF>
  </RSEXP>
 </EXPORT>
 <TABLES/>
 <EXCEPTION>
  <RSEXC>
   <EXCEPTION>VOO_INEXISTENTE</EXCEPTION>
   <IS_RESUMABLE></IS_RESUMABLE>
  </RSEXC>
 </EXCEPTION>
 <DOCUMENTATION>
  <RSFDO>
   <PARAMETER>IM_CIA</PARAMETER>
   <KIND>P</KIND>
   <STEXT>Airline Code</STEXT>
   <INDEX> 001</INDEX>
  </RSFDO>
  <RSFDO>
   <PARAMETER>IM_VOO</PARAMETER>
   <KIND>P</KIND>
   <STEXT>Flight Connection Number</STEXT>
   <INDEX> 002</INDEX>
  </RSFDO>
  <RSFDO>
   <PARAMETER>EX_VOOS</PARAMETER>
   <KIND>P</KIND>
   <STEXT>Meu tipo Tabela para programas ABAP</STEXT>
   <INDEX> 003</INDEX>
  </RSFDO>
  <RSFDO>
   <PARAMETER>VOO_INEXISTENTE</PARAMETER>
   <KIND>X</KIND>
   <STEXT>Voo informado não existe</STEXT>
   <INDEX> 004</INDEX>
  </RSFDO>
 </DOCUMENTATION>
</abapGit>
