﻿<?xml version="1.0" encoding="utf-8"?>
<abapGit version="v0.2-alpha">
 <RS38L_GLOB></RS38L_GLOB>
 <FMODE></FMODE>
 <RS38L_TASK></RS38L_TASK>
 <RS38L_FTXT>Módulo de função para procura de dados em tabela</RS38L_FTXT>
 <RS38L_BXML></RS38L_BXML>
 <IMPORT>
  <RSIMP>
   <PARAMETER>F_CARRID</PARAMETER>
   <DBFIELD></DBFIELD>
   <DEFAULT></DEFAULT>
   <TYPES></TYPES>
   <OPTIONAL></OPTIONAL>
   <REFERENCE>X</REFERENCE>
   <CHANGING></CHANGING>
   <TYP>SBOOK-CARRID</TYP>
   <CLASS></CLASS>
   <REF_CLASS></REF_CLASS>
   <LINE_OF></LINE_OF>
   <TABLE_OF></TABLE_OF>
  </RSIMP>
 </IMPORT>
 <CHANGING/>
 <EXPORT>
  <RSEXP>
   <PARAMETER>F_GT_MINHAS_RESERVAS</PARAMETER>
   <DBFIELD></DBFIELD>
   <TYPES></TYPES>
   <REFERENCE>X</REFERENCE>
   <TYP>ZTY_MINHAS_RESERVAS_03</TYP>
   <CLASS></CLASS>
   <REF_CLASS></REF_CLASS>
   <LINE_OF></LINE_OF>
   <TABLE_OF></TABLE_OF>
  </RSEXP>
 </EXPORT>
 <TABLES/>
 <EXCEPTION>
  <RSEXC>
   <EXCEPTION>VOO_INEXISTENTE</EXCEPTION>
   <IS_RESUMABLE></IS_RESUMABLE>
  </RSEXC>
 </EXCEPTION>
 <DOCUMENTATION>
  <RSFDO>
   <PARAMETER>F_CARRID</PARAMETER>
   <KIND>P</KIND>
   <STEXT>Airline Code</STEXT>
   <INDEX> 001</INDEX>
  </RSFDO>
  <RSFDO>
   <PARAMETER>F_GT_MINHAS_RESERVAS</PARAMETER>
   <KIND>P</KIND>
   <STEXT>Single Flight Booking</STEXT>
   <INDEX> 002</INDEX>
  </RSFDO>
  <RSFDO>
   <PARAMETER>VOO_INEXISTENTE</PARAMETER>
   <KIND>X</KIND>
   <STEXT>Esse voo não exist</STEXT>
   <INDEX> 003</INDEX>
  </RSFDO>
 </DOCUMENTATION>
</abapGit>
