﻿<?xml version="1.0" encoding="utf-8"?>
<abapGit version="v0.2-alpha">
 <RS38L_GLOB></RS38L_GLOB>
 <FMODE></FMODE>
 <RS38L_TASK></RS38L_TASK>
 <RS38L_FTXT>Calcula exponencial</RS38L_FTXT>
 <RS38L_BXML></RS38L_BXML>
 <IMPORT>
  <RSIMP>
   <PARAMETER>IM_V1</PARAMETER>
   <DBFIELD></DBFIELD>
   <DEFAULT></DEFAULT>
   <TYPES></TYPES>
   <OPTIONAL></OPTIONAL>
   <REFERENCE>X</REFERENCE>
   <CHANGING></CHANGING>
   <TYP>I</TYP>
   <CLASS></CLASS>
   <REF_CLASS></REF_CLASS>
   <LINE_OF></LINE_OF>
   <TABLE_OF></TABLE_OF>
  </RSIMP>
  <RSIMP>
   <PARAMETER>IM_V2</PARAMETER>
   <DBFIELD></DBFIELD>
   <DEFAULT></DEFAULT>
   <TYPES></TYPES>
   <OPTIONAL></OPTIONAL>
   <REFERENCE>X</REFERENCE>
   <CHANGING></CHANGING>
   <TYP>I</TYP>
   <CLASS></CLASS>
   <REF_CLASS></REF_CLASS>
   <LINE_OF></LINE_OF>
   <TABLE_OF></TABLE_OF>
  </RSIMP>
 </IMPORT>
 <CHANGING/>
 <EXPORT>
  <RSEXP>
   <PARAMETER>EX_RESULTADO</PARAMETER>
   <DBFIELD></DBFIELD>
   <TYPES></TYPES>
   <REFERENCE>X</REFERENCE>
   <TYP>BC400_PERC</TYP>
   <CLASS></CLASS>
   <REF_CLASS></REF_CLASS>
   <LINE_OF></LINE_OF>
   <TABLE_OF></TABLE_OF>
  </RSEXP>
 </EXPORT>
 <TABLES/>
 <EXCEPTION>
  <RSEXC>
   <EXCEPTION>EXPO_MAIOR_QUE_QUATRO</EXCEPTION>
   <IS_RESUMABLE></IS_RESUMABLE>
  </RSEXC>
  <RSEXC>
   <EXCEPTION>EXPONENCIAL_NAO_INFORMADO</EXCEPTION>
   <IS_RESUMABLE></IS_RESUMABLE>
  </RSEXC>
  <RSEXC>
   <EXCEPTION>VALOR_NAO_INFORMADO</EXCEPTION>
   <IS_RESUMABLE></IS_RESUMABLE>
  </RSEXC>
 </EXCEPTION>
 <DOCUMENTATION>
  <RSFDO>
   <PARAMETER>IM_V1</PARAMETER>
   <KIND>P</KIND>
   <STEXT>Valor</STEXT>
   <INDEX> 001</INDEX>
  </RSFDO>
  <RSFDO>
   <PARAMETER>IM_V2</PARAMETER>
   <KIND>P</KIND>
   <STEXT>Exponencial não maior que 4</STEXT>
   <INDEX> 002</INDEX>
  </RSFDO>
  <RSFDO>
   <PARAMETER>EX_RESULTADO</PARAMETER>
   <KIND>P</KIND>
   <STEXT>Result of Percentage Calculation with Two Decimal Places</STEXT>
   <INDEX> 003</INDEX>
  </RSFDO>
  <RSFDO>
   <PARAMETER>EXPO_MAIOR_QUE_QUATRO</PARAMETER>
   <KIND>X</KIND>
   <STEXT>Não maior que 4</STEXT>
   <INDEX> 004</INDEX>
  </RSFDO>
  <RSFDO>
   <PARAMETER>EXPONENCIAL_NAO_INFORMADO</PARAMETER>
   <KIND>X</KIND>
   <STEXT>Exponencial igual a zero</STEXT>
   <INDEX> 005</INDEX>
  </RSFDO>
  <RSFDO>
   <PARAMETER>VALOR_NAO_INFORMADO</PARAMETER>
   <KIND>X</KIND>
   <STEXT>Valor não informado</STEXT>
   <INDEX> 006</INDEX>
  </RSFDO>
 </DOCUMENTATION>
</abapGit>
