﻿<?xml version="1.0" encoding="utf-8"?>
<abapGit version="v0.2-alpha">
 <DD02V>
  <TABNAME>ZIT_01</TABNAME>
  <DDLANGUAGE>E</DDLANGUAGE>
  <TABCLASS>TRANSP</TABCLASS>
  <SQLTAB></SQLTAB>
  <DATMIN>0000000000</DATMIN>
  <DATMAX>0000000000</DATMAX>
  <DATAVG>0000000000</DATAVG>
  <CLIDEP>X</CLIDEP>
  <BUFFERED></BUFFERED>
  <COMPRFLAG></COMPRFLAG>
  <LANGDEP></LANGDEP>
  <DDTEXT>Cadastro de Itens de Pedidos de Compra</DDTEXT>
  <ACTFLAG></ACTFLAG>
  <APPLCLASS></APPLCLASS>
  <AUTHCLASS>00</AUTHCLASS>
  <AS4USER></AS4USER>
  <AS4DATE>00000000</AS4DATE>
  <AS4TIME>000000</AS4TIME>
  <MASTERLANG></MASTERLANG>
  <MAINFLAG>X</MAINFLAG>
  <CONTFLAG>A</CONTFLAG>
  <RESERVETAB></RESERVETAB>
  <GLOBALFLAG></GLOBALFLAG>
  <PROZPUFF>000</PROZPUFF>
  <VIEWCLASS></VIEWCLASS>
  <VIEWGRANT></VIEWGRANT>
  <MULTIPLEX></MULTIPLEX>
  <SHLPEXI></SHLPEXI>
  <PROXYTYPE></PROXYTYPE>
  <EXCLASS>0</EXCLASS>
  <WRONGCL></WRONGCL>
 </DD02V>
 <DD09L>
  <TABNAME>ZIT_01</TABNAME>
  <AS4LOCAL>A</AS4LOCAL>
  <AS4VERS>0000</AS4VERS>
  <TABKAT>0</TABKAT>
  <TABART>APPL0</TABART>
  <PUFFERUNG></PUFFERUNG>
  <SCHFELDANZ>000</SCHFELDANZ>
  <PROTOKOLL></PROTOKOLL>
  <SPEICHPUFF></SPEICHPUFF>
  <AS4USER></AS4USER>
  <AS4DATE>00000000</AS4DATE>
  <AS4TIME>000000</AS4TIME>
  <TRANSPFLAG></TRANSPFLAG>
  <RESERVE></RESERVE>
  <UEBERSETZ></UEBERSETZ>
  <ACTFLAG></ACTFLAG>
  <BUFALLOW>N</BUFALLOW>
  <JAVAONLY></JAVAONLY>
 </DD09L>
 <DD03P_TABLE>
  <DD03P>
   <TABNAME>ZIT_01</TABNAME>
   <FIELDNAME>MANDT</FIELDNAME>
   <DDLANGUAGE></DDLANGUAGE>
   <POSITION>0001</POSITION>
   <KEYFLAG>X</KEYFLAG>
   <MANDATORY></MANDATORY>
   <ROLLNAME>MANDT</ROLLNAME>
   <CHECKTABLE></CHECKTABLE>
   <ADMINFIELD>0</ADMINFIELD>
   <INTTYPE>C</INTTYPE>
   <INTLEN>000006</INTLEN>
   <REFTABLE></REFTABLE>
   <PRECFIELD></PRECFIELD>
   <REFFIELD></REFFIELD>
   <CONROUT></CONROUT>
   <NOTNULL>X</NOTNULL>
   <DOMNAME>MANDT</DOMNAME>
   <ROUTPUTLEN>000000</ROUTPUTLEN>
   <MEMORYID></MEMORYID>
   <LOGFLAG></LOGFLAG>
   <HEADLEN>03</HEADLEN>
   <SCRLEN1>10</SCRLEN1>
   <SCRLEN2>15</SCRLEN2>
   <SCRLEN3>20</SCRLEN3>
   <DTELGLOBAL></DTELGLOBAL>
   <DTELMASTER></DTELMASTER>
   <RESERVEDTE></RESERVEDTE>
   <DATATYPE>CLNT</DATATYPE>
   <LENG>000003</LENG>
   <OUTPUTLEN>000003</OUTPUTLEN>
   <DECIMALS>000000</DECIMALS>
   <LOWERCASE></LOWERCASE>
   <SIGNFLAG></SIGNFLAG>
   <LANGFLAG></LANGFLAG>
   <VALEXI></VALEXI>
   <ENTITYTAB>T000</ENTITYTAB>
   <CONVEXIT></CONVEXIT>
   <MASK>  CLNTE</MASK>
   <MASKLEN>0000</MASKLEN>
   <ACTFLAG></ACTFLAG>
   <DDTEXT></DDTEXT>
   <REPTEXT></REPTEXT>
   <SCRTEXT_S></SCRTEXT_S>
   <SCRTEXT_M></SCRTEXT_M>
   <SCRTEXT_L></SCRTEXT_L>
   <DOMMASTER></DOMMASTER>
   <RESERVEDOM></RESERVEDOM>
   <DOMGLOBAL></DOMGLOBAL>
   <DOMNAME3L>MANDT</DOMNAME3L>
   <SHLPORIGIN></SHLPORIGIN>
   <SHLPNAME></SHLPNAME>
   <SHLPFIELD></SHLPFIELD>
   <TABLETYPE></TABLETYPE>
   <DEPTH>00</DEPTH>
   <COMPTYPE>E</COMPTYPE>
   <DEFFDNAME></DEFFDNAME>
   <GROUPNAME></GROUPNAME>
   <REFTYPE></REFTYPE>
   <PROXYTYPE></PROXYTYPE>
   <LANGUFLAG></LANGUFLAG>
   <EXCLASS>0</EXCLASS>
   <LTRFLDDIS></LTRFLDDIS>
   <BIDICTRLC></BIDICTRLC>
   <DBPOSITION>0000</DBPOSITION>
   <ANONYMOUS></ANONYMOUS>
   <OUTPUTSTYLE>00</OUTPUTSTYLE>
   <NOHISTORY></NOHISTORY>
   <AMPMFORMAT></AMPMFORMAT>
   <STREAMORLOC></STREAMORLOC>
   <STRORLOCPOS>00</STRORLOCPOS>
  </DD03P>
  <DD03P>
   <TABNAME>ZIT_01</TABNAME>
   <FIELDNAME>NUMPED</FIELDNAME>
   <DDLANGUAGE></DDLANGUAGE>
   <POSITION>0002</POSITION>
   <KEYFLAG>X</KEYFLAG>
   <MANDATORY></MANDATORY>
   <ROLLNAME>ZNUMPED01</ROLLNAME>
   <CHECKTABLE>ZPED_01</CHECKTABLE>
   <ADMINFIELD>0</ADMINFIELD>
   <INTTYPE>N</INTTYPE>
   <INTLEN>000012</INTLEN>
   <REFTABLE></REFTABLE>
   <PRECFIELD></PRECFIELD>
   <REFFIELD></REFFIELD>
   <CONROUT></CONROUT>
   <NOTNULL>X</NOTNULL>
   <DOMNAME>ZNUMPED01</DOMNAME>
   <ROUTPUTLEN>000000</ROUTPUTLEN>
   <MEMORYID></MEMORYID>
   <LOGFLAG></LOGFLAG>
   <HEADLEN>16</HEADLEN>
   <SCRLEN1>10</SCRLEN1>
   <SCRLEN2>16</SCRLEN2>
   <SCRLEN3>20</SCRLEN3>
   <DTELGLOBAL></DTELGLOBAL>
   <DTELMASTER></DTELMASTER>
   <RESERVEDTE></RESERVEDTE>
   <DATATYPE>NUMC</DATATYPE>
   <LENG>000006</LENG>
   <OUTPUTLEN>000006</OUTPUTLEN>
   <DECIMALS>000000</DECIMALS>
   <LOWERCASE></LOWERCASE>
   <SIGNFLAG></SIGNFLAG>
   <LANGFLAG></LANGFLAG>
   <VALEXI>X</VALEXI>
   <ENTITYTAB></ENTITYTAB>
   <CONVEXIT></CONVEXIT>
   <MASK>  NUMCE</MASK>
   <MASKLEN>0000</MASKLEN>
   <ACTFLAG></ACTFLAG>
   <DDTEXT></DDTEXT>
   <REPTEXT></REPTEXT>
   <SCRTEXT_S></SCRTEXT_S>
   <SCRTEXT_M></SCRTEXT_M>
   <SCRTEXT_L></SCRTEXT_L>
   <DOMMASTER></DOMMASTER>
   <RESERVEDOM></RESERVEDOM>
   <DOMGLOBAL></DOMGLOBAL>
   <DOMNAME3L>ZNUMPED01</DOMNAME3L>
   <SHLPORIGIN>P</SHLPORIGIN>
   <SHLPNAME></SHLPNAME>
   <SHLPFIELD></SHLPFIELD>
   <TABLETYPE></TABLETYPE>
   <DEPTH>00</DEPTH>
   <COMPTYPE>E</COMPTYPE>
   <DEFFDNAME></DEFFDNAME>
   <GROUPNAME></GROUPNAME>
   <REFTYPE></REFTYPE>
   <PROXYTYPE></PROXYTYPE>
   <LANGUFLAG></LANGUFLAG>
   <EXCLASS>0</EXCLASS>
   <LTRFLDDIS></LTRFLDDIS>
   <BIDICTRLC></BIDICTRLC>
   <DBPOSITION>0000</DBPOSITION>
   <ANONYMOUS></ANONYMOUS>
   <OUTPUTSTYLE>00</OUTPUTSTYLE>
   <NOHISTORY></NOHISTORY>
   <AMPMFORMAT></AMPMFORMAT>
   <STREAMORLOC></STREAMORLOC>
   <STRORLOCPOS>00</STRORLOCPOS>
  </DD03P>
  <DD03P>
   <TABNAME>ZIT_01</TABNAME>
   <FIELDNAME>ITEMPED</FIELDNAME>
   <DDLANGUAGE></DDLANGUAGE>
   <POSITION>0003</POSITION>
   <KEYFLAG>X</KEYFLAG>
   <MANDATORY></MANDATORY>
   <ROLLNAME>ZITEM01</ROLLNAME>
   <CHECKTABLE></CHECKTABLE>
   <ADMINFIELD>0</ADMINFIELD>
   <INTTYPE>N</INTTYPE>
   <INTLEN>000012</INTLEN>
   <REFTABLE></REFTABLE>
   <PRECFIELD></PRECFIELD>
   <REFFIELD></REFFIELD>
   <CONROUT></CONROUT>
   <NOTNULL>X</NOTNULL>
   <DOMNAME>ZITEM01</DOMNAME>
   <ROUTPUTLEN>000000</ROUTPUTLEN>
   <MEMORYID></MEMORYID>
   <LOGFLAG></LOGFLAG>
   <HEADLEN>14</HEADLEN>
   <SCRLEN1>10</SCRLEN1>
   <SCRLEN2>15</SCRLEN2>
   <SCRLEN3>20</SCRLEN3>
   <DTELGLOBAL></DTELGLOBAL>
   <DTELMASTER></DTELMASTER>
   <RESERVEDTE></RESERVEDTE>
   <DATATYPE>NUMC</DATATYPE>
   <LENG>000006</LENG>
   <OUTPUTLEN>000006</OUTPUTLEN>
   <DECIMALS>000000</DECIMALS>
   <LOWERCASE></LOWERCASE>
   <SIGNFLAG></SIGNFLAG>
   <LANGFLAG></LANGFLAG>
   <VALEXI>X</VALEXI>
   <ENTITYTAB></ENTITYTAB>
   <CONVEXIT></CONVEXIT>
   <MASK>  NUMCE</MASK>
   <MASKLEN>0000</MASKLEN>
   <ACTFLAG></ACTFLAG>
   <DDTEXT></DDTEXT>
   <REPTEXT></REPTEXT>
   <SCRTEXT_S></SCRTEXT_S>
   <SCRTEXT_M></SCRTEXT_M>
   <SCRTEXT_L></SCRTEXT_L>
   <DOMMASTER></DOMMASTER>
   <RESERVEDOM></RESERVEDOM>
   <DOMGLOBAL></DOMGLOBAL>
   <DOMNAME3L>ZITEM01</DOMNAME3L>
   <SHLPORIGIN>F</SHLPORIGIN>
   <SHLPNAME></SHLPNAME>
   <SHLPFIELD></SHLPFIELD>
   <TABLETYPE></TABLETYPE>
   <DEPTH>00</DEPTH>
   <COMPTYPE>E</COMPTYPE>
   <DEFFDNAME></DEFFDNAME>
   <GROUPNAME></GROUPNAME>
   <REFTYPE></REFTYPE>
   <PROXYTYPE></PROXYTYPE>
   <LANGUFLAG></LANGUFLAG>
   <EXCLASS>0</EXCLASS>
   <LTRFLDDIS></LTRFLDDIS>
   <BIDICTRLC></BIDICTRLC>
   <DBPOSITION>0000</DBPOSITION>
   <ANONYMOUS></ANONYMOUS>
   <OUTPUTSTYLE>00</OUTPUTSTYLE>
   <NOHISTORY></NOHISTORY>
   <AMPMFORMAT></AMPMFORMAT>
   <STREAMORLOC></STREAMORLOC>
   <STRORLOCPOS>00</STRORLOCPOS>
  </DD03P>
  <DD03P>
   <TABNAME>ZIT_01</TABNAME>
   <FIELDNAME>QTDEMAT</FIELDNAME>
   <DDLANGUAGE></DDLANGUAGE>
   <POSITION>0004</POSITION>
   <KEYFLAG></KEYFLAG>
   <MANDATORY></MANDATORY>
   <ROLLNAME>ZQTDEMAT01</ROLLNAME>
   <CHECKTABLE></CHECKTABLE>
   <ADMINFIELD>0</ADMINFIELD>
   <INTTYPE>P</INTTYPE>
   <INTLEN>000004</INTLEN>
   <REFTABLE>ZIT_01</REFTABLE>
   <PRECFIELD></PRECFIELD>
   <REFFIELD>UNIDMED</REFFIELD>
   <CONROUT></CONROUT>
   <NOTNULL></NOTNULL>
   <DOMNAME>ZQTDEMAT</DOMNAME>
   <ROUTPUTLEN>000000</ROUTPUTLEN>
   <MEMORYID></MEMORYID>
   <LOGFLAG></LOGFLAG>
   <HEADLEN>23</HEADLEN>
   <SCRLEN1>10</SCRLEN1>
   <SCRLEN2>20</SCRLEN2>
   <SCRLEN3>23</SCRLEN3>
   <DTELGLOBAL></DTELGLOBAL>
   <DTELMASTER></DTELMASTER>
   <RESERVEDTE></RESERVEDTE>
   <DATATYPE>QUAN</DATATYPE>
   <LENG>000006</LENG>
   <OUTPUTLEN>000008</OUTPUTLEN>
   <DECIMALS>000002</DECIMALS>
   <LOWERCASE></LOWERCASE>
   <SIGNFLAG></SIGNFLAG>
   <LANGFLAG></LANGFLAG>
   <VALEXI></VALEXI>
   <ENTITYTAB></ENTITYTAB>
   <CONVEXIT></CONVEXIT>
   <MASK>  QUANE</MASK>
   <MASKLEN>0000</MASKLEN>
   <ACTFLAG></ACTFLAG>
   <DDTEXT></DDTEXT>
   <REPTEXT></REPTEXT>
   <SCRTEXT_S></SCRTEXT_S>
   <SCRTEXT_M></SCRTEXT_M>
   <SCRTEXT_L></SCRTEXT_L>
   <DOMMASTER></DOMMASTER>
   <RESERVEDOM></RESERVEDOM>
   <DOMGLOBAL></DOMGLOBAL>
   <DOMNAME3L>ZQTDEMAT</DOMNAME3L>
   <SHLPORIGIN></SHLPORIGIN>
   <SHLPNAME></SHLPNAME>
   <SHLPFIELD></SHLPFIELD>
   <TABLETYPE></TABLETYPE>
   <DEPTH>00</DEPTH>
   <COMPTYPE>E</COMPTYPE>
   <DEFFDNAME></DEFFDNAME>
   <GROUPNAME></GROUPNAME>
   <REFTYPE></REFTYPE>
   <PROXYTYPE></PROXYTYPE>
   <LANGUFLAG></LANGUFLAG>
   <EXCLASS>0</EXCLASS>
   <LTRFLDDIS></LTRFLDDIS>
   <BIDICTRLC></BIDICTRLC>
   <DBPOSITION>0000</DBPOSITION>
   <ANONYMOUS></ANONYMOUS>
   <OUTPUTSTYLE>00</OUTPUTSTYLE>
   <NOHISTORY></NOHISTORY>
   <AMPMFORMAT></AMPMFORMAT>
   <STREAMORLOC></STREAMORLOC>
   <STRORLOCPOS>00</STRORLOCPOS>
  </DD03P>
  <DD03P>
   <TABNAME>ZIT_01</TABNAME>
   <FIELDNAME>UNIDMED</FIELDNAME>
   <DDLANGUAGE></DDLANGUAGE>
   <POSITION>0005</POSITION>
   <KEYFLAG></KEYFLAG>
   <MANDATORY></MANDATORY>
   <ROLLNAME>BSTME</ROLLNAME>
   <CHECKTABLE>T006</CHECKTABLE>
   <ADMINFIELD>0</ADMINFIELD>
   <INTTYPE>C</INTTYPE>
   <INTLEN>000006</INTLEN>
   <REFTABLE></REFTABLE>
   <PRECFIELD></PRECFIELD>
   <REFFIELD></REFFIELD>
   <CONROUT></CONROUT>
   <NOTNULL></NOTNULL>
   <DOMNAME>MEINS</DOMNAME>
   <ROUTPUTLEN>000000</ROUTPUTLEN>
   <MEMORYID></MEMORYID>
   <LOGFLAG>X</LOGFLAG>
   <HEADLEN>03</HEADLEN>
   <SCRLEN1>10</SCRLEN1>
   <SCRLEN2>15</SCRLEN2>
   <SCRLEN3>20</SCRLEN3>
   <DTELGLOBAL></DTELGLOBAL>
   <DTELMASTER></DTELMASTER>
   <RESERVEDTE></RESERVEDTE>
   <DATATYPE>UNIT</DATATYPE>
   <LENG>000003</LENG>
   <OUTPUTLEN>000003</OUTPUTLEN>
   <DECIMALS>000000</DECIMALS>
   <LOWERCASE>X</LOWERCASE>
   <SIGNFLAG></SIGNFLAG>
   <LANGFLAG></LANGFLAG>
   <VALEXI></VALEXI>
   <ENTITYTAB>T006</ENTITYTAB>
   <CONVEXIT>CUNIT</CONVEXIT>
   <MASK>  UNITE</MASK>
   <MASKLEN>0000</MASKLEN>
   <ACTFLAG></ACTFLAG>
   <DDTEXT></DDTEXT>
   <REPTEXT></REPTEXT>
   <SCRTEXT_S></SCRTEXT_S>
   <SCRTEXT_M></SCRTEXT_M>
   <SCRTEXT_L></SCRTEXT_L>
   <DOMMASTER></DOMMASTER>
   <RESERVEDOM></RESERVEDOM>
   <DOMGLOBAL></DOMGLOBAL>
   <DOMNAME3L>MEINS</DOMNAME3L>
   <SHLPORIGIN>P</SHLPORIGIN>
   <SHLPNAME></SHLPNAME>
   <SHLPFIELD></SHLPFIELD>
   <TABLETYPE></TABLETYPE>
   <DEPTH>00</DEPTH>
   <COMPTYPE>E</COMPTYPE>
   <DEFFDNAME>PO_UNIT</DEFFDNAME>
   <GROUPNAME></GROUPNAME>
   <REFTYPE></REFTYPE>
   <PROXYTYPE></PROXYTYPE>
   <LANGUFLAG></LANGUFLAG>
   <EXCLASS>0</EXCLASS>
   <LTRFLDDIS></LTRFLDDIS>
   <BIDICTRLC></BIDICTRLC>
   <DBPOSITION>0000</DBPOSITION>
   <ANONYMOUS></ANONYMOUS>
   <OUTPUTSTYLE>00</OUTPUTSTYLE>
   <NOHISTORY></NOHISTORY>
   <AMPMFORMAT></AMPMFORMAT>
   <STREAMORLOC></STREAMORLOC>
   <STRORLOCPOS>00</STRORLOCPOS>
  </DD03P>
  <DD03P>
   <TABNAME>ZIT_01</TABNAME>
   <FIELDNAME>PRECO</FIELDNAME>
   <DDLANGUAGE></DDLANGUAGE>
   <POSITION>0006</POSITION>
   <KEYFLAG></KEYFLAG>
   <MANDATORY></MANDATORY>
   <ROLLNAME>ZPRECO</ROLLNAME>
   <CHECKTABLE></CHECKTABLE>
   <ADMINFIELD>0</ADMINFIELD>
   <INTTYPE>P</INTTYPE>
   <INTLEN>000007</INTLEN>
   <REFTABLE>ZFOR_01</REFTABLE>
   <PRECFIELD></PRECFIELD>
   <REFFIELD>CODMOE</REFFIELD>
   <CONROUT></CONROUT>
   <NOTNULL></NOTNULL>
   <DOMNAME>ZPRECO01</DOMNAME>
   <ROUTPUTLEN>000000</ROUTPUTLEN>
   <MEMORYID></MEMORYID>
   <LOGFLAG></LOGFLAG>
   <HEADLEN>17</HEADLEN>
   <SCRLEN1>10</SCRLEN1>
   <SCRLEN2>17</SCRLEN2>
   <SCRLEN3>20</SCRLEN3>
   <DTELGLOBAL></DTELGLOBAL>
   <DTELMASTER></DTELMASTER>
   <RESERVEDTE></RESERVEDTE>
   <DATATYPE>CURR</DATATYPE>
   <LENG>000013</LENG>
   <OUTPUTLEN>000017</OUTPUTLEN>
   <DECIMALS>000002</DECIMALS>
   <LOWERCASE></LOWERCASE>
   <SIGNFLAG></SIGNFLAG>
   <LANGFLAG></LANGFLAG>
   <VALEXI></VALEXI>
   <ENTITYTAB></ENTITYTAB>
   <CONVEXIT></CONVEXIT>
   <MASK>  CURRE</MASK>
   <MASKLEN>0000</MASKLEN>
   <ACTFLAG></ACTFLAG>
   <DDTEXT></DDTEXT>
   <REPTEXT></REPTEXT>
   <SCRTEXT_S></SCRTEXT_S>
   <SCRTEXT_M></SCRTEXT_M>
   <SCRTEXT_L></SCRTEXT_L>
   <DOMMASTER></DOMMASTER>
   <RESERVEDOM></RESERVEDOM>
   <DOMGLOBAL></DOMGLOBAL>
   <DOMNAME3L>ZPRECO01</DOMNAME3L>
   <SHLPORIGIN></SHLPORIGIN>
   <SHLPNAME></SHLPNAME>
   <SHLPFIELD></SHLPFIELD>
   <TABLETYPE></TABLETYPE>
   <DEPTH>00</DEPTH>
   <COMPTYPE>E</COMPTYPE>
   <DEFFDNAME></DEFFDNAME>
   <GROUPNAME></GROUPNAME>
   <REFTYPE></REFTYPE>
   <PROXYTYPE></PROXYTYPE>
   <LANGUFLAG></LANGUFLAG>
   <EXCLASS>0</EXCLASS>
   <LTRFLDDIS></LTRFLDDIS>
   <BIDICTRLC></BIDICTRLC>
   <DBPOSITION>0000</DBPOSITION>
   <ANONYMOUS></ANONYMOUS>
   <OUTPUTSTYLE>00</OUTPUTSTYLE>
   <NOHISTORY></NOHISTORY>
   <AMPMFORMAT></AMPMFORMAT>
   <STREAMORLOC></STREAMORLOC>
   <STRORLOCPOS>00</STRORLOCPOS>
  </DD03P>
  <DD03P>
   <TABNAME>ZIT_01</TABNAME>
   <FIELDNAME>CODMAT</FIELDNAME>
   <DDLANGUAGE></DDLANGUAGE>
   <POSITION>0007</POSITION>
   <KEYFLAG></KEYFLAG>
   <MANDATORY></MANDATORY>
   <ROLLNAME>MATNR</ROLLNAME>
   <CHECKTABLE>MARA</CHECKTABLE>
   <ADMINFIELD>0</ADMINFIELD>
   <INTTYPE>C</INTTYPE>
   <INTLEN>000036</INTLEN>
   <REFTABLE></REFTABLE>
   <PRECFIELD></PRECFIELD>
   <REFFIELD></REFFIELD>
   <CONROUT></CONROUT>
   <NOTNULL></NOTNULL>
   <DOMNAME>MATNR</DOMNAME>
   <ROUTPUTLEN>000000</ROUTPUTLEN>
   <MEMORYID>MAT</MEMORYID>
   <LOGFLAG>X</LOGFLAG>
   <HEADLEN>18</HEADLEN>
   <SCRLEN1>10</SCRLEN1>
   <SCRLEN2>15</SCRLEN2>
   <SCRLEN3>20</SCRLEN3>
   <DTELGLOBAL></DTELGLOBAL>
   <DTELMASTER></DTELMASTER>
   <RESERVEDTE></RESERVEDTE>
   <DATATYPE>CHAR</DATATYPE>
   <LENG>000018</LENG>
   <OUTPUTLEN>000018</OUTPUTLEN>
   <DECIMALS>000000</DECIMALS>
   <LOWERCASE></LOWERCASE>
   <SIGNFLAG></SIGNFLAG>
   <LANGFLAG></LANGFLAG>
   <VALEXI></VALEXI>
   <ENTITYTAB>MARA</ENTITYTAB>
   <CONVEXIT>MATN1</CONVEXIT>
   <MASK>  CHARE</MASK>
   <MASKLEN>0000</MASKLEN>
   <ACTFLAG></ACTFLAG>
   <DDTEXT></DDTEXT>
   <REPTEXT></REPTEXT>
   <SCRTEXT_S></SCRTEXT_S>
   <SCRTEXT_M></SCRTEXT_M>
   <SCRTEXT_L></SCRTEXT_L>
   <DOMMASTER></DOMMASTER>
   <RESERVEDOM></RESERVEDOM>
   <DOMGLOBAL></DOMGLOBAL>
   <DOMNAME3L>MATNR</DOMNAME3L>
   <SHLPORIGIN>P</SHLPORIGIN>
   <SHLPNAME>S_MAT1</SHLPNAME>
   <SHLPFIELD>MATNR</SHLPFIELD>
   <TABLETYPE></TABLETYPE>
   <DEPTH>00</DEPTH>
   <COMPTYPE>E</COMPTYPE>
   <DEFFDNAME>MATERIAL</DEFFDNAME>
   <GROUPNAME></GROUPNAME>
   <REFTYPE></REFTYPE>
   <PROXYTYPE></PROXYTYPE>
   <LANGUFLAG></LANGUFLAG>
   <EXCLASS>0</EXCLASS>
   <LTRFLDDIS></LTRFLDDIS>
   <BIDICTRLC></BIDICTRLC>
   <DBPOSITION>0000</DBPOSITION>
   <ANONYMOUS></ANONYMOUS>
   <OUTPUTSTYLE>00</OUTPUTSTYLE>
   <NOHISTORY></NOHISTORY>
   <AMPMFORMAT></AMPMFORMAT>
   <STREAMORLOC></STREAMORLOC>
   <STRORLOCPOS>00</STRORLOCPOS>
  </DD03P>
  <DD03P>
   <TABNAME>ZIT_01</TABNAME>
   <FIELDNAME>LANGU</FIELDNAME>
   <DDLANGUAGE></DDLANGUAGE>
   <POSITION>0008</POSITION>
   <KEYFLAG></KEYFLAG>
   <MANDATORY></MANDATORY>
   <ROLLNAME>SPRAS</ROLLNAME>
   <CHECKTABLE>T002</CHECKTABLE>
   <ADMINFIELD>0</ADMINFIELD>
   <INTTYPE>C</INTTYPE>
   <INTLEN>000002</INTLEN>
   <REFTABLE></REFTABLE>
   <PRECFIELD></PRECFIELD>
   <REFFIELD></REFFIELD>
   <CONROUT></CONROUT>
   <NOTNULL></NOTNULL>
   <DOMNAME>SPRAS</DOMNAME>
   <ROUTPUTLEN>000000</ROUTPUTLEN>
   <MEMORYID>SPR</MEMORYID>
   <LOGFLAG>X</LOGFLAG>
   <HEADLEN>10</HEADLEN>
   <SCRLEN1>10</SCRLEN1>
   <SCRLEN2>15</SCRLEN2>
   <SCRLEN3>20</SCRLEN3>
   <DTELGLOBAL></DTELGLOBAL>
   <DTELMASTER></DTELMASTER>
   <RESERVEDTE></RESERVEDTE>
   <DATATYPE>LANG</DATATYPE>
   <LENG>000001</LENG>
   <OUTPUTLEN>000002</OUTPUTLEN>
   <DECIMALS>000000</DECIMALS>
   <LOWERCASE>X</LOWERCASE>
   <SIGNFLAG></SIGNFLAG>
   <LANGFLAG></LANGFLAG>
   <VALEXI></VALEXI>
   <ENTITYTAB>T002</ENTITYTAB>
   <CONVEXIT>ISOLA</CONVEXIT>
   <MASK>  LANGE</MASK>
   <MASKLEN>0000</MASKLEN>
   <ACTFLAG></ACTFLAG>
   <DDTEXT></DDTEXT>
   <REPTEXT></REPTEXT>
   <SCRTEXT_S></SCRTEXT_S>
   <SCRTEXT_M></SCRTEXT_M>
   <SCRTEXT_L></SCRTEXT_L>
   <DOMMASTER></DOMMASTER>
   <RESERVEDOM></RESERVEDOM>
   <DOMGLOBAL></DOMGLOBAL>
   <DOMNAME3L>SPRAS</DOMNAME3L>
   <SHLPORIGIN>P</SHLPORIGIN>
   <SHLPNAME>H_T002</SHLPNAME>
   <SHLPFIELD>SPRAS</SHLPFIELD>
   <TABLETYPE></TABLETYPE>
   <DEPTH>00</DEPTH>
   <COMPTYPE>E</COMPTYPE>
   <DEFFDNAME>LANGU</DEFFDNAME>
   <GROUPNAME></GROUPNAME>
   <REFTYPE></REFTYPE>
   <PROXYTYPE></PROXYTYPE>
   <LANGUFLAG>X</LANGUFLAG>
   <EXCLASS>0</EXCLASS>
   <LTRFLDDIS></LTRFLDDIS>
   <BIDICTRLC></BIDICTRLC>
   <DBPOSITION>0000</DBPOSITION>
   <ANONYMOUS></ANONYMOUS>
   <OUTPUTSTYLE>00</OUTPUTSTYLE>
   <NOHISTORY></NOHISTORY>
   <AMPMFORMAT></AMPMFORMAT>
   <STREAMORLOC></STREAMORLOC>
   <STRORLOCPOS>00</STRORLOCPOS>
  </DD03P>
  <DD03P>
   <TABNAME>ZIT_01</TABNAME>
   <FIELDNAME>STATUSITEM</FIELDNAME>
   <DDLANGUAGE></DDLANGUAGE>
   <POSITION>0009</POSITION>
   <KEYFLAG></KEYFLAG>
   <MANDATORY></MANDATORY>
   <ROLLNAME>ZSTATITEM01</ROLLNAME>
   <CHECKTABLE></CHECKTABLE>
   <ADMINFIELD>0</ADMINFIELD>
   <INTTYPE>C</INTTYPE>
   <INTLEN>000002</INTLEN>
   <REFTABLE></REFTABLE>
   <PRECFIELD></PRECFIELD>
   <REFFIELD></REFFIELD>
   <CONROUT></CONROUT>
   <NOTNULL></NOTNULL>
   <DOMNAME>ZSTATITEM01</DOMNAME>
   <ROUTPUTLEN>000000</ROUTPUTLEN>
   <MEMORYID></MEMORYID>
   <LOGFLAG></LOGFLAG>
   <HEADLEN>14</HEADLEN>
   <SCRLEN1>10</SCRLEN1>
   <SCRLEN2>15</SCRLEN2>
   <SCRLEN3>20</SCRLEN3>
   <DTELGLOBAL></DTELGLOBAL>
   <DTELMASTER></DTELMASTER>
   <RESERVEDTE></RESERVEDTE>
   <DATATYPE>CHAR</DATATYPE>
   <LENG>000001</LENG>
   <OUTPUTLEN>000001</OUTPUTLEN>
   <DECIMALS>000000</DECIMALS>
   <LOWERCASE></LOWERCASE>
   <SIGNFLAG></SIGNFLAG>
   <LANGFLAG></LANGFLAG>
   <VALEXI>X</VALEXI>
   <ENTITYTAB></ENTITYTAB>
   <CONVEXIT></CONVEXIT>
   <MASK>  CHARE</MASK>
   <MASKLEN>0000</MASKLEN>
   <ACTFLAG></ACTFLAG>
   <DDTEXT></DDTEXT>
   <REPTEXT></REPTEXT>
   <SCRTEXT_S></SCRTEXT_S>
   <SCRTEXT_M></SCRTEXT_M>
   <SCRTEXT_L></SCRTEXT_L>
   <DOMMASTER></DOMMASTER>
   <RESERVEDOM></RESERVEDOM>
   <DOMGLOBAL></DOMGLOBAL>
   <DOMNAME3L>ZSTATITEM01</DOMNAME3L>
   <SHLPORIGIN>F</SHLPORIGIN>
   <SHLPNAME></SHLPNAME>
   <SHLPFIELD></SHLPFIELD>
   <TABLETYPE></TABLETYPE>
   <DEPTH>00</DEPTH>
   <COMPTYPE>E</COMPTYPE>
   <DEFFDNAME></DEFFDNAME>
   <GROUPNAME></GROUPNAME>
   <REFTYPE></REFTYPE>
   <PROXYTYPE></PROXYTYPE>
   <LANGUFLAG></LANGUFLAG>
   <EXCLASS>0</EXCLASS>
   <LTRFLDDIS></LTRFLDDIS>
   <BIDICTRLC></BIDICTRLC>
   <DBPOSITION>0000</DBPOSITION>
   <ANONYMOUS></ANONYMOUS>
   <OUTPUTSTYLE>00</OUTPUTSTYLE>
   <NOHISTORY></NOHISTORY>
   <AMPMFORMAT></AMPMFORMAT>
   <STREAMORLOC></STREAMORLOC>
   <STRORLOCPOS>00</STRORLOCPOS>
  </DD03P>
 </DD03P_TABLE>
 <DD05M_TABLE>
  <DD05M>
   <TABNAME>ZIT_01</TABNAME>
   <FIELDNAME>CODMAT</FIELDNAME>
   <FORTABLE>ZIT_01</FORTABLE>
   <FORKEY>MANDT</FORKEY>
   <CHECKTABLE>MARA</CHECKTABLE>
   <CHECKFIELD>MANDT</CHECKFIELD>
   <PRIMPOS>0001</PRIMPOS>
   <DOMNAME>MANDT</DOMNAME>
   <DATATYPE>CLNT</DATATYPE>
   <LENG>000003</LENG>
   <FORSTRING></FORSTRING>
  </DD05M>
  <DD05M>
   <TABNAME>ZIT_01</TABNAME>
   <FIELDNAME>CODMAT</FIELDNAME>
   <FORTABLE>ZIT_01</FORTABLE>
   <FORKEY>CODMAT</FORKEY>
   <CHECKTABLE>MARA</CHECKTABLE>
   <CHECKFIELD>MATNR</CHECKFIELD>
   <PRIMPOS>0002</PRIMPOS>
   <DOMNAME>MATNR</DOMNAME>
   <DATATYPE>CHAR</DATATYPE>
   <LENG>000018</LENG>
   <FORSTRING></FORSTRING>
  </DD05M>
  <DD05M>
   <TABNAME>ZIT_01</TABNAME>
   <FIELDNAME>LANGU</FIELDNAME>
   <FORTABLE>ZIT_01</FORTABLE>
   <FORKEY>LANGU</FORKEY>
   <CHECKTABLE>T002</CHECKTABLE>
   <CHECKFIELD>SPRAS</CHECKFIELD>
   <PRIMPOS>0001</PRIMPOS>
   <DOMNAME>SPRAS</DOMNAME>
   <DATATYPE>LANG</DATATYPE>
   <LENG>000001</LENG>
   <FORSTRING></FORSTRING>
  </DD05M>
  <DD05M>
   <TABNAME>ZIT_01</TABNAME>
   <FIELDNAME>NUMPED</FIELDNAME>
   <FORTABLE>ZIT_01</FORTABLE>
   <FORKEY>MANDT</FORKEY>
   <CHECKTABLE>ZPED_01</CHECKTABLE>
   <CHECKFIELD>MANDT</CHECKFIELD>
   <PRIMPOS>0001</PRIMPOS>
   <DOMNAME>MANDT</DOMNAME>
   <DATATYPE>CLNT</DATATYPE>
   <LENG>000003</LENG>
   <FORSTRING></FORSTRING>
  </DD05M>
  <DD05M>
   <TABNAME>ZIT_01</TABNAME>
   <FIELDNAME>NUMPED</FIELDNAME>
   <FORTABLE>ZIT_01</FORTABLE>
   <FORKEY>NUMPED</FORKEY>
   <CHECKTABLE>ZPED_01</CHECKTABLE>
   <CHECKFIELD>NUMPED</CHECKFIELD>
   <PRIMPOS>0002</PRIMPOS>
   <DOMNAME>ZNUMPED01</DOMNAME>
   <DATATYPE>NUMC</DATATYPE>
   <LENG>000006</LENG>
   <FORSTRING></FORSTRING>
  </DD05M>
  <DD05M>
   <TABNAME>ZIT_01</TABNAME>
   <FIELDNAME>UNIDMED</FIELDNAME>
   <FORTABLE>ZIT_01</FORTABLE>
   <FORKEY>MANDT</FORKEY>
   <CHECKTABLE>T006</CHECKTABLE>
   <CHECKFIELD>MANDT</CHECKFIELD>
   <PRIMPOS>0001</PRIMPOS>
   <DOMNAME>MANDT</DOMNAME>
   <DATATYPE>CLNT</DATATYPE>
   <LENG>000003</LENG>
   <FORSTRING></FORSTRING>
  </DD05M>
  <DD05M>
   <TABNAME>ZIT_01</TABNAME>
   <FIELDNAME>UNIDMED</FIELDNAME>
   <FORTABLE>ZIT_01</FORTABLE>
   <FORKEY>UNIDMED</FORKEY>
   <CHECKTABLE>T006</CHECKTABLE>
   <CHECKFIELD>MSEHI</CHECKFIELD>
   <PRIMPOS>0002</PRIMPOS>
   <DOMNAME>MEINS</DOMNAME>
   <DATATYPE>UNIT</DATATYPE>
   <LENG>000003</LENG>
   <FORSTRING></FORSTRING>
  </DD05M>
 </DD05M_TABLE>
 <DD08V_TABLE>
  <DD08V>
   <TABNAME>ZIT_01</TABNAME>
   <FIELDNAME>CODMAT</FIELDNAME>
   <DDLANGUAGE>E</DDLANGUAGE>
   <CHECKTABLE>MARA</CHECKTABLE>
   <FRKART>REF</FRKART>
   <CLASFIELD></CLASFIELD>
   <CLASVALUE></CLASVALUE>
   <CARD>CN</CARD>
   <CHECKFLAG></CHECKFLAG>
   <DDTEXT>Codigo Material</DDTEXT>
   <ARBGB></ARBGB>
   <MSGNR></MSGNR>
   <NOINHERIT></NOINHERIT>
   <CARDLEFT>1</CARDLEFT>
  </DD08V>
  <DD08V>
   <TABNAME>ZIT_01</TABNAME>
   <FIELDNAME>LANGU</FIELDNAME>
   <DDLANGUAGE>E</DDLANGUAGE>
   <CHECKTABLE>T002</CHECKTABLE>
   <FRKART>REF</FRKART>
   <CLASFIELD></CLASFIELD>
   <CLASVALUE></CLASVALUE>
   <CARD>CN</CARD>
   <CHECKFLAG></CHECKFLAG>
   <DDTEXT>Linguagem</DDTEXT>
   <ARBGB></ARBGB>
   <MSGNR></MSGNR>
   <NOINHERIT></NOINHERIT>
   <CARDLEFT>1</CARDLEFT>
  </DD08V>
  <DD08V>
   <TABNAME>ZIT_01</TABNAME>
   <FIELDNAME>NUMPED</FIELDNAME>
   <DDLANGUAGE>E</DDLANGUAGE>
   <CHECKTABLE>ZPED_01</CHECKTABLE>
   <FRKART>KEY</FRKART>
   <CLASFIELD></CLASFIELD>
   <CLASVALUE></CLASVALUE>
   <CARD>CN</CARD>
   <CHECKFLAG></CHECKFLAG>
   <DDTEXT>Numero do Pedido</DDTEXT>
   <ARBGB></ARBGB>
   <MSGNR></MSGNR>
   <NOINHERIT></NOINHERIT>
   <CARDLEFT>1</CARDLEFT>
  </DD08V>
  <DD08V>
   <TABNAME>ZIT_01</TABNAME>
   <FIELDNAME>UNIDMED</FIELDNAME>
   <DDLANGUAGE>E</DDLANGUAGE>
   <CHECKTABLE>T006</CHECKTABLE>
   <FRKART>REF</FRKART>
   <CLASFIELD></CLASFIELD>
   <CLASVALUE></CLASVALUE>
   <CARD>CN</CARD>
   <CHECKFLAG></CHECKFLAG>
   <DDTEXT>Unidade de Medida</DDTEXT>
   <ARBGB></ARBGB>
   <MSGNR></MSGNR>
   <NOINHERIT></NOINHERIT>
   <CARDLEFT>1</CARDLEFT>
  </DD08V>
 </DD08V_TABLE>
 <DD12VTAB/>
 <DD17VTAB/>
 <DD35V_TALE/>
 <DD36MTTYP/>
</abapGit>
