﻿<?xml version="1.0" encoding="utf-8"?>
<abapGit version="v0.2-alpha">
 <DD04V>
  <ROLLNAME>ZITEM05</ROLLNAME>
  <DDLANGUAGE>E</DDLANGUAGE>
  <DOMNAME>ZITEMD05</DOMNAME>
  <ROUTPUTLEN>000000</ROUTPUTLEN>
  <MEMORYID></MEMORYID>
  <LOGFLAG></LOGFLAG>
  <HEADLEN>18</HEADLEN>
  <SCRLEN1>09</SCRLEN1>
  <SCRLEN2>18</SCRLEN2>
  <SCRLEN3>18</SCRLEN3>
  <DDTEXT>Cadastro Itens de Pedidos de Compras</DDTEXT>
  <REPTEXT>Cadastro Itens Ped</REPTEXT>
  <SCRTEXT_S>Cad Itens</SCRTEXT_S>
  <SCRTEXT_M>Cadastro Itens Ped</SCRTEXT_M>
  <SCRTEXT_L>Cadastro Itens Ped</SCRTEXT_L>
  <ACTFLAG></ACTFLAG>
  <APPLCLASS></APPLCLASS>
  <AUTHCLASS>00</AUTHCLASS>
  <AS4USER></AS4USER>
  <AS4DATE>00000000</AS4DATE>
  <AS4TIME>000000</AS4TIME>
  <DTELMASTER>E</DTELMASTER>
  <RESERVEDTE></RESERVEDTE>
  <DTELGLOBAL></DTELGLOBAL>
  <SHLPNAME></SHLPNAME>
  <SHLPFIELD></SHLPFIELD>
  <DEFFDNAME></DEFFDNAME>
  <DATATYPE>NUMC</DATATYPE>
  <LENG>000002</LENG>
  <DECIMALS>000000</DECIMALS>
  <OUTPUTLEN>000002</OUTPUTLEN>
  <LOWERCASE></LOWERCASE>
  <SIGNFLAG></SIGNFLAG>
  <CONVEXIT></CONVEXIT>
  <VALEXI>X</VALEXI>
  <ENTITYTAB></ENTITYTAB>
  <REFKIND>D</REFKIND>
  <REFTYPE></REFTYPE>
  <PROXYTYPE></PROXYTYPE>
  <LTRFLDDIS></LTRFLDDIS>
  <BIDICTRLC></BIDICTRLC>
  <NOHISTORY></NOHISTORY>
 </DD04V>
 <TPARA>
  <PARAMID></PARAMID>
  <PARTEXT></PARTEXT>
 </TPARA>
</abapGit>
