﻿<?xml version="1.0" encoding="utf-8"?>
<abapGit version="v0.2-alpha">
 <DD04V>
  <ROLLNAME>ZNUMPED02</ROLLNAME>
  <DDLANGUAGE>E</DDLANGUAGE>
  <DOMNAME>ZNUMPED02</DOMNAME>
  <ROUTPUTLEN>000000</ROUTPUTLEN>
  <MEMORYID></MEMORYID>
  <LOGFLAG></LOGFLAG>
  <HEADLEN>16</HEADLEN>
  <SCRLEN1>08</SCRLEN1>
  <SCRLEN2>10</SCRLEN2>
  <SCRLEN3>13</SCRLEN3>
  <DDTEXT>Num.Ped.</DDTEXT>
  <REPTEXT>Número do Pedido</REPTEXT>
  <SCRTEXT_S>Num.Ped.</SCRTEXT_S>
  <SCRTEXT_M>Num.Pedido</SCRTEXT_M>
  <SCRTEXT_L>Número Pedido</SCRTEXT_L>
  <ACTFLAG></ACTFLAG>
  <APPLCLASS></APPLCLASS>
  <AUTHCLASS>00</AUTHCLASS>
  <AS4USER></AS4USER>
  <AS4DATE>00000000</AS4DATE>
  <AS4TIME>000000</AS4TIME>
  <DTELMASTER>E</DTELMASTER>
  <RESERVEDTE></RESERVEDTE>
  <DTELGLOBAL></DTELGLOBAL>
  <SHLPNAME></SHLPNAME>
  <SHLPFIELD></SHLPFIELD>
  <DEFFDNAME></DEFFDNAME>
  <DATATYPE>NUMC</DATATYPE>
  <LENG>000006</LENG>
  <DECIMALS>000000</DECIMALS>
  <OUTPUTLEN>000006</OUTPUTLEN>
  <LOWERCASE></LOWERCASE>
  <SIGNFLAG></SIGNFLAG>
  <CONVEXIT></CONVEXIT>
  <VALEXI>X</VALEXI>
  <ENTITYTAB>ZPED_02</ENTITYTAB>
  <REFKIND>D</REFKIND>
  <REFTYPE></REFTYPE>
  <PROXYTYPE></PROXYTYPE>
  <LTRFLDDIS></LTRFLDDIS>
  <BIDICTRLC></BIDICTRLC>
  <NOHISTORY></NOHISTORY>
 </DD04V>
 <TPARA>
  <PARAMID></PARAMID>
  <PARTEXT></PARTEXT>
 </TPARA>
</abapGit>
