﻿<?xml version="1.0" encoding="utf-8"?>
<abapGit version="v0.2-alpha">
 <DD02V>
  <TABNAME>ZPED_01</TABNAME>
  <DDLANGUAGE>E</DDLANGUAGE>
  <TABCLASS>TRANSP</TABCLASS>
  <SQLTAB></SQLTAB>
  <DATMIN>0000000000</DATMIN>
  <DATMAX>0000000000</DATMAX>
  <DATAVG>0000000000</DATAVG>
  <CLIDEP>X</CLIDEP>
  <BUFFERED></BUFFERED>
  <COMPRFLAG></COMPRFLAG>
  <LANGDEP></LANGDEP>
  <DDTEXT>Cadastro de Pedidos de Fornecedores</DDTEXT>
  <ACTFLAG></ACTFLAG>
  <APPLCLASS></APPLCLASS>
  <AUTHCLASS>00</AUTHCLASS>
  <AS4USER></AS4USER>
  <AS4DATE>00000000</AS4DATE>
  <AS4TIME>000000</AS4TIME>
  <MASTERLANG></MASTERLANG>
  <MAINFLAG>X</MAINFLAG>
  <CONTFLAG>A</CONTFLAG>
  <RESERVETAB></RESERVETAB>
  <GLOBALFLAG></GLOBALFLAG>
  <PROZPUFF>000</PROZPUFF>
  <VIEWCLASS></VIEWCLASS>
  <VIEWGRANT></VIEWGRANT>
  <MULTIPLEX></MULTIPLEX>
  <SHLPEXI></SHLPEXI>
  <PROXYTYPE></PROXYTYPE>
  <EXCLASS>0</EXCLASS>
  <WRONGCL></WRONGCL>
 </DD02V>
 <DD09L>
  <TABNAME>ZPED_01</TABNAME>
  <AS4LOCAL>A</AS4LOCAL>
  <AS4VERS>0000</AS4VERS>
  <TABKAT>0</TABKAT>
  <TABART>APPL0</TABART>
  <PUFFERUNG></PUFFERUNG>
  <SCHFELDANZ>000</SCHFELDANZ>
  <PROTOKOLL></PROTOKOLL>
  <SPEICHPUFF></SPEICHPUFF>
  <AS4USER></AS4USER>
  <AS4DATE>00000000</AS4DATE>
  <AS4TIME>000000</AS4TIME>
  <TRANSPFLAG></TRANSPFLAG>
  <RESERVE></RESERVE>
  <UEBERSETZ></UEBERSETZ>
  <ACTFLAG></ACTFLAG>
  <BUFALLOW>N</BUFALLOW>
  <JAVAONLY></JAVAONLY>
 </DD09L>
 <DD03P_TABLE>
  <DD03P>
   <TABNAME>ZPED_01</TABNAME>
   <FIELDNAME>MANDT</FIELDNAME>
   <DDLANGUAGE></DDLANGUAGE>
   <POSITION>0001</POSITION>
   <KEYFLAG>X</KEYFLAG>
   <MANDATORY></MANDATORY>
   <ROLLNAME>MANDT</ROLLNAME>
   <CHECKTABLE></CHECKTABLE>
   <ADMINFIELD>0</ADMINFIELD>
   <INTTYPE>C</INTTYPE>
   <INTLEN>000006</INTLEN>
   <REFTABLE></REFTABLE>
   <PRECFIELD></PRECFIELD>
   <REFFIELD></REFFIELD>
   <CONROUT></CONROUT>
   <NOTNULL>X</NOTNULL>
   <DOMNAME>MANDT</DOMNAME>
   <ROUTPUTLEN>000000</ROUTPUTLEN>
   <MEMORYID></MEMORYID>
   <LOGFLAG></LOGFLAG>
   <HEADLEN>03</HEADLEN>
   <SCRLEN1>10</SCRLEN1>
   <SCRLEN2>15</SCRLEN2>
   <SCRLEN3>20</SCRLEN3>
   <DTELGLOBAL></DTELGLOBAL>
   <DTELMASTER></DTELMASTER>
   <RESERVEDTE></RESERVEDTE>
   <DATATYPE>CLNT</DATATYPE>
   <LENG>000003</LENG>
   <OUTPUTLEN>000003</OUTPUTLEN>
   <DECIMALS>000000</DECIMALS>
   <LOWERCASE></LOWERCASE>
   <SIGNFLAG></SIGNFLAG>
   <LANGFLAG></LANGFLAG>
   <VALEXI></VALEXI>
   <ENTITYTAB>T000</ENTITYTAB>
   <CONVEXIT></CONVEXIT>
   <MASK>  CLNTE</MASK>
   <MASKLEN>0000</MASKLEN>
   <ACTFLAG></ACTFLAG>
   <DDTEXT></DDTEXT>
   <REPTEXT></REPTEXT>
   <SCRTEXT_S></SCRTEXT_S>
   <SCRTEXT_M></SCRTEXT_M>
   <SCRTEXT_L></SCRTEXT_L>
   <DOMMASTER></DOMMASTER>
   <RESERVEDOM></RESERVEDOM>
   <DOMGLOBAL></DOMGLOBAL>
   <DOMNAME3L>MANDT</DOMNAME3L>
   <SHLPORIGIN></SHLPORIGIN>
   <SHLPNAME></SHLPNAME>
   <SHLPFIELD></SHLPFIELD>
   <TABLETYPE></TABLETYPE>
   <DEPTH>00</DEPTH>
   <COMPTYPE>E</COMPTYPE>
   <DEFFDNAME></DEFFDNAME>
   <GROUPNAME></GROUPNAME>
   <REFTYPE></REFTYPE>
   <PROXYTYPE></PROXYTYPE>
   <LANGUFLAG></LANGUFLAG>
   <EXCLASS>0</EXCLASS>
   <LTRFLDDIS></LTRFLDDIS>
   <BIDICTRLC></BIDICTRLC>
   <DBPOSITION>0000</DBPOSITION>
   <ANONYMOUS></ANONYMOUS>
   <OUTPUTSTYLE>00</OUTPUTSTYLE>
   <NOHISTORY></NOHISTORY>
   <AMPMFORMAT></AMPMFORMAT>
   <STREAMORLOC></STREAMORLOC>
   <STRORLOCPOS>00</STRORLOCPOS>
  </DD03P>
  <DD03P>
   <TABNAME>ZPED_01</TABNAME>
   <FIELDNAME>NUMPED</FIELDNAME>
   <DDLANGUAGE></DDLANGUAGE>
   <POSITION>0002</POSITION>
   <KEYFLAG>X</KEYFLAG>
   <MANDATORY></MANDATORY>
   <ROLLNAME>ZNUMPED01</ROLLNAME>
   <CHECKTABLE></CHECKTABLE>
   <ADMINFIELD>0</ADMINFIELD>
   <INTTYPE>N</INTTYPE>
   <INTLEN>000012</INTLEN>
   <REFTABLE></REFTABLE>
   <PRECFIELD></PRECFIELD>
   <REFFIELD></REFFIELD>
   <CONROUT></CONROUT>
   <NOTNULL>X</NOTNULL>
   <DOMNAME>ZNUMPED01</DOMNAME>
   <ROUTPUTLEN>000000</ROUTPUTLEN>
   <MEMORYID></MEMORYID>
   <LOGFLAG></LOGFLAG>
   <HEADLEN>16</HEADLEN>
   <SCRLEN1>10</SCRLEN1>
   <SCRLEN2>16</SCRLEN2>
   <SCRLEN3>20</SCRLEN3>
   <DTELGLOBAL></DTELGLOBAL>
   <DTELMASTER></DTELMASTER>
   <RESERVEDTE></RESERVEDTE>
   <DATATYPE>NUMC</DATATYPE>
   <LENG>000006</LENG>
   <OUTPUTLEN>000006</OUTPUTLEN>
   <DECIMALS>000000</DECIMALS>
   <LOWERCASE></LOWERCASE>
   <SIGNFLAG></SIGNFLAG>
   <LANGFLAG></LANGFLAG>
   <VALEXI>X</VALEXI>
   <ENTITYTAB></ENTITYTAB>
   <CONVEXIT></CONVEXIT>
   <MASK>  NUMCE</MASK>
   <MASKLEN>0000</MASKLEN>
   <ACTFLAG></ACTFLAG>
   <DDTEXT></DDTEXT>
   <REPTEXT></REPTEXT>
   <SCRTEXT_S></SCRTEXT_S>
   <SCRTEXT_M></SCRTEXT_M>
   <SCRTEXT_L></SCRTEXT_L>
   <DOMMASTER></DOMMASTER>
   <RESERVEDOM></RESERVEDOM>
   <DOMGLOBAL></DOMGLOBAL>
   <DOMNAME3L>ZNUMPED01</DOMNAME3L>
   <SHLPORIGIN>X</SHLPORIGIN>
   <SHLPNAME></SHLPNAME>
   <SHLPFIELD></SHLPFIELD>
   <TABLETYPE></TABLETYPE>
   <DEPTH>00</DEPTH>
   <COMPTYPE>E</COMPTYPE>
   <DEFFDNAME></DEFFDNAME>
   <GROUPNAME></GROUPNAME>
   <REFTYPE></REFTYPE>
   <PROXYTYPE></PROXYTYPE>
   <LANGUFLAG></LANGUFLAG>
   <EXCLASS>0</EXCLASS>
   <LTRFLDDIS></LTRFLDDIS>
   <BIDICTRLC></BIDICTRLC>
   <DBPOSITION>0000</DBPOSITION>
   <ANONYMOUS></ANONYMOUS>
   <OUTPUTSTYLE>00</OUTPUTSTYLE>
   <NOHISTORY></NOHISTORY>
   <AMPMFORMAT></AMPMFORMAT>
   <STREAMORLOC></STREAMORLOC>
   <STRORLOCPOS>00</STRORLOCPOS>
  </DD03P>
  <DD03P>
   <TABNAME>ZPED_01</TABNAME>
   <FIELDNAME>CODFOR</FIELDNAME>
   <DDLANGUAGE></DDLANGUAGE>
   <POSITION>0003</POSITION>
   <KEYFLAG></KEYFLAG>
   <MANDATORY></MANDATORY>
   <ROLLNAME>LIFNR</ROLLNAME>
   <CHECKTABLE>ZFOR_01</CHECKTABLE>
   <ADMINFIELD>0</ADMINFIELD>
   <INTTYPE>C</INTTYPE>
   <INTLEN>000020</INTLEN>
   <REFTABLE></REFTABLE>
   <PRECFIELD></PRECFIELD>
   <REFFIELD></REFFIELD>
   <CONROUT></CONROUT>
   <NOTNULL></NOTNULL>
   <DOMNAME>LIFNR</DOMNAME>
   <ROUTPUTLEN>000000</ROUTPUTLEN>
   <MEMORYID>LIF</MEMORYID>
   <LOGFLAG>X</LOGFLAG>
   <HEADLEN>10</HEADLEN>
   <SCRLEN1>10</SCRLEN1>
   <SCRLEN2>15</SCRLEN2>
   <SCRLEN3>20</SCRLEN3>
   <DTELGLOBAL></DTELGLOBAL>
   <DTELMASTER></DTELMASTER>
   <RESERVEDTE></RESERVEDTE>
   <DATATYPE>CHAR</DATATYPE>
   <LENG>000010</LENG>
   <OUTPUTLEN>000010</OUTPUTLEN>
   <DECIMALS>000000</DECIMALS>
   <LOWERCASE></LOWERCASE>
   <SIGNFLAG></SIGNFLAG>
   <LANGFLAG></LANGFLAG>
   <VALEXI></VALEXI>
   <ENTITYTAB>LFA1</ENTITYTAB>
   <CONVEXIT>ALPHA</CONVEXIT>
   <MASK>  CHARE</MASK>
   <MASKLEN>0000</MASKLEN>
   <ACTFLAG></ACTFLAG>
   <DDTEXT></DDTEXT>
   <REPTEXT></REPTEXT>
   <SCRTEXT_S></SCRTEXT_S>
   <SCRTEXT_M></SCRTEXT_M>
   <SCRTEXT_L></SCRTEXT_L>
   <DOMMASTER></DOMMASTER>
   <RESERVEDOM></RESERVEDOM>
   <DOMGLOBAL></DOMGLOBAL>
   <DOMNAME3L>LIFNR</DOMNAME3L>
   <SHLPORIGIN>P</SHLPORIGIN>
   <SHLPNAME>KRED_C</SHLPNAME>
   <SHLPFIELD>LIFNR</SHLPFIELD>
   <TABLETYPE></TABLETYPE>
   <DEPTH>00</DEPTH>
   <COMPTYPE>E</COMPTYPE>
   <DEFFDNAME>VENDOR_NO</DEFFDNAME>
   <GROUPNAME></GROUPNAME>
   <REFTYPE></REFTYPE>
   <PROXYTYPE></PROXYTYPE>
   <LANGUFLAG></LANGUFLAG>
   <EXCLASS>0</EXCLASS>
   <LTRFLDDIS></LTRFLDDIS>
   <BIDICTRLC></BIDICTRLC>
   <DBPOSITION>0000</DBPOSITION>
   <ANONYMOUS></ANONYMOUS>
   <OUTPUTSTYLE>00</OUTPUTSTYLE>
   <NOHISTORY></NOHISTORY>
   <AMPMFORMAT></AMPMFORMAT>
   <STREAMORLOC></STREAMORLOC>
   <STRORLOCPOS>00</STRORLOCPOS>
  </DD03P>
  <DD03P>
   <TABNAME>ZPED_01</TABNAME>
   <FIELDNAME>QTDEITENS</FIELDNAME>
   <DDLANGUAGE></DDLANGUAGE>
   <POSITION>0004</POSITION>
   <KEYFLAG></KEYFLAG>
   <MANDATORY></MANDATORY>
   <ROLLNAME>ZQTDEIT01</ROLLNAME>
   <CHECKTABLE></CHECKTABLE>
   <ADMINFIELD>0</ADMINFIELD>
   <INTTYPE>N</INTTYPE>
   <INTLEN>000004</INTLEN>
   <REFTABLE></REFTABLE>
   <PRECFIELD></PRECFIELD>
   <REFFIELD></REFFIELD>
   <CONROUT></CONROUT>
   <NOTNULL></NOTNULL>
   <DOMNAME>ZQTDEIT01</DOMNAME>
   <ROUTPUTLEN>000000</ROUTPUTLEN>
   <MEMORYID></MEMORYID>
   <LOGFLAG></LOGFLAG>
   <HEADLEN>19</HEADLEN>
   <SCRLEN1>10</SCRLEN1>
   <SCRLEN2>19</SCRLEN2>
   <SCRLEN3>20</SCRLEN3>
   <DTELGLOBAL></DTELGLOBAL>
   <DTELMASTER></DTELMASTER>
   <RESERVEDTE></RESERVEDTE>
   <DATATYPE>NUMC</DATATYPE>
   <LENG>000002</LENG>
   <OUTPUTLEN>000002</OUTPUTLEN>
   <DECIMALS>000000</DECIMALS>
   <LOWERCASE></LOWERCASE>
   <SIGNFLAG></SIGNFLAG>
   <LANGFLAG></LANGFLAG>
   <VALEXI></VALEXI>
   <ENTITYTAB></ENTITYTAB>
   <CONVEXIT></CONVEXIT>
   <MASK>  NUMCE</MASK>
   <MASKLEN>0000</MASKLEN>
   <ACTFLAG></ACTFLAG>
   <DDTEXT></DDTEXT>
   <REPTEXT></REPTEXT>
   <SCRTEXT_S></SCRTEXT_S>
   <SCRTEXT_M></SCRTEXT_M>
   <SCRTEXT_L></SCRTEXT_L>
   <DOMMASTER></DOMMASTER>
   <RESERVEDOM></RESERVEDOM>
   <DOMGLOBAL></DOMGLOBAL>
   <DOMNAME3L>ZQTDEIT01</DOMNAME3L>
   <SHLPORIGIN></SHLPORIGIN>
   <SHLPNAME></SHLPNAME>
   <SHLPFIELD></SHLPFIELD>
   <TABLETYPE></TABLETYPE>
   <DEPTH>00</DEPTH>
   <COMPTYPE>E</COMPTYPE>
   <DEFFDNAME></DEFFDNAME>
   <GROUPNAME></GROUPNAME>
   <REFTYPE></REFTYPE>
   <PROXYTYPE></PROXYTYPE>
   <LANGUFLAG></LANGUFLAG>
   <EXCLASS>0</EXCLASS>
   <LTRFLDDIS></LTRFLDDIS>
   <BIDICTRLC></BIDICTRLC>
   <DBPOSITION>0000</DBPOSITION>
   <ANONYMOUS></ANONYMOUS>
   <OUTPUTSTYLE>00</OUTPUTSTYLE>
   <NOHISTORY></NOHISTORY>
   <AMPMFORMAT></AMPMFORMAT>
   <STREAMORLOC></STREAMORLOC>
   <STRORLOCPOS>00</STRORLOCPOS>
  </DD03P>
  <DD03P>
   <TABNAME>ZPED_01</TABNAME>
   <FIELDNAME>TODPED</FIELDNAME>
   <DDLANGUAGE></DDLANGUAGE>
   <POSITION>0005</POSITION>
   <KEYFLAG></KEYFLAG>
   <MANDATORY></MANDATORY>
   <ROLLNAME>ZTOTPED01</ROLLNAME>
   <CHECKTABLE></CHECKTABLE>
   <ADMINFIELD>0</ADMINFIELD>
   <INTTYPE>P</INTTYPE>
   <INTLEN>000007</INTLEN>
   <REFTABLE>ZFOR_01</REFTABLE>
   <PRECFIELD></PRECFIELD>
   <REFFIELD>CODMOE</REFFIELD>
   <CONROUT></CONROUT>
   <NOTNULL></NOTNULL>
   <DOMNAME>ZTOTPED01</DOMNAME>
   <ROUTPUTLEN>000000</ROUTPUTLEN>
   <MEMORYID></MEMORYID>
   <LOGFLAG></LOGFLAG>
   <HEADLEN>19</HEADLEN>
   <SCRLEN1>10</SCRLEN1>
   <SCRLEN2>19</SCRLEN2>
   <SCRLEN3>20</SCRLEN3>
   <DTELGLOBAL></DTELGLOBAL>
   <DTELMASTER></DTELMASTER>
   <RESERVEDTE></RESERVEDTE>
   <DATATYPE>CURR</DATATYPE>
   <LENG>000013</LENG>
   <OUTPUTLEN>000017</OUTPUTLEN>
   <DECIMALS>000002</DECIMALS>
   <LOWERCASE></LOWERCASE>
   <SIGNFLAG></SIGNFLAG>
   <LANGFLAG></LANGFLAG>
   <VALEXI></VALEXI>
   <ENTITYTAB></ENTITYTAB>
   <CONVEXIT></CONVEXIT>
   <MASK>  CURRE</MASK>
   <MASKLEN>0000</MASKLEN>
   <ACTFLAG></ACTFLAG>
   <DDTEXT></DDTEXT>
   <REPTEXT></REPTEXT>
   <SCRTEXT_S></SCRTEXT_S>
   <SCRTEXT_M></SCRTEXT_M>
   <SCRTEXT_L></SCRTEXT_L>
   <DOMMASTER></DOMMASTER>
   <RESERVEDOM></RESERVEDOM>
   <DOMGLOBAL></DOMGLOBAL>
   <DOMNAME3L>ZTOTPED01</DOMNAME3L>
   <SHLPORIGIN></SHLPORIGIN>
   <SHLPNAME></SHLPNAME>
   <SHLPFIELD></SHLPFIELD>
   <TABLETYPE></TABLETYPE>
   <DEPTH>00</DEPTH>
   <COMPTYPE>E</COMPTYPE>
   <DEFFDNAME></DEFFDNAME>
   <GROUPNAME></GROUPNAME>
   <REFTYPE></REFTYPE>
   <PROXYTYPE></PROXYTYPE>
   <LANGUFLAG></LANGUFLAG>
   <EXCLASS>0</EXCLASS>
   <LTRFLDDIS></LTRFLDDIS>
   <BIDICTRLC></BIDICTRLC>
   <DBPOSITION>0000</DBPOSITION>
   <ANONYMOUS></ANONYMOUS>
   <OUTPUTSTYLE>00</OUTPUTSTYLE>
   <NOHISTORY></NOHISTORY>
   <AMPMFORMAT></AMPMFORMAT>
   <STREAMORLOC></STREAMORLOC>
   <STRORLOCPOS>00</STRORLOCPOS>
  </DD03P>
  <DD03P>
   <TABNAME>ZPED_01</TABNAME>
   <FIELDNAME>STATUSPED</FIELDNAME>
   <DDLANGUAGE></DDLANGUAGE>
   <POSITION>0006</POSITION>
   <KEYFLAG></KEYFLAG>
   <MANDATORY></MANDATORY>
   <ROLLNAME>ZSTATUSP01</ROLLNAME>
   <CHECKTABLE></CHECKTABLE>
   <ADMINFIELD>0</ADMINFIELD>
   <INTTYPE>N</INTTYPE>
   <INTLEN>000002</INTLEN>
   <REFTABLE></REFTABLE>
   <PRECFIELD></PRECFIELD>
   <REFFIELD></REFFIELD>
   <CONROUT></CONROUT>
   <NOTNULL></NOTNULL>
   <DOMNAME>ZSTATUSP01</DOMNAME>
   <ROUTPUTLEN>000000</ROUTPUTLEN>
   <MEMORYID></MEMORYID>
   <LOGFLAG></LOGFLAG>
   <HEADLEN>16</HEADLEN>
   <SCRLEN1>10</SCRLEN1>
   <SCRLEN2>16</SCRLEN2>
   <SCRLEN3>20</SCRLEN3>
   <DTELGLOBAL></DTELGLOBAL>
   <DTELMASTER></DTELMASTER>
   <RESERVEDTE></RESERVEDTE>
   <DATATYPE>NUMC</DATATYPE>
   <LENG>000001</LENG>
   <OUTPUTLEN>000001</OUTPUTLEN>
   <DECIMALS>000000</DECIMALS>
   <LOWERCASE></LOWERCASE>
   <SIGNFLAG></SIGNFLAG>
   <LANGFLAG></LANGFLAG>
   <VALEXI>X</VALEXI>
   <ENTITYTAB></ENTITYTAB>
   <CONVEXIT></CONVEXIT>
   <MASK>  NUMCE</MASK>
   <MASKLEN>0000</MASKLEN>
   <ACTFLAG></ACTFLAG>
   <DDTEXT></DDTEXT>
   <REPTEXT></REPTEXT>
   <SCRTEXT_S></SCRTEXT_S>
   <SCRTEXT_M></SCRTEXT_M>
   <SCRTEXT_L></SCRTEXT_L>
   <DOMMASTER></DOMMASTER>
   <RESERVEDOM></RESERVEDOM>
   <DOMGLOBAL></DOMGLOBAL>
   <DOMNAME3L>ZSTATUSP01</DOMNAME3L>
   <SHLPORIGIN>F</SHLPORIGIN>
   <SHLPNAME></SHLPNAME>
   <SHLPFIELD></SHLPFIELD>
   <TABLETYPE></TABLETYPE>
   <DEPTH>00</DEPTH>
   <COMPTYPE>E</COMPTYPE>
   <DEFFDNAME></DEFFDNAME>
   <GROUPNAME></GROUPNAME>
   <REFTYPE></REFTYPE>
   <PROXYTYPE></PROXYTYPE>
   <LANGUFLAG></LANGUFLAG>
   <EXCLASS>0</EXCLASS>
   <LTRFLDDIS></LTRFLDDIS>
   <BIDICTRLC></BIDICTRLC>
   <DBPOSITION>0000</DBPOSITION>
   <ANONYMOUS></ANONYMOUS>
   <OUTPUTSTYLE>00</OUTPUTSTYLE>
   <NOHISTORY></NOHISTORY>
   <AMPMFORMAT></AMPMFORMAT>
   <STREAMORLOC></STREAMORLOC>
   <STRORLOCPOS>00</STRORLOCPOS>
  </DD03P>
  <DD03P>
   <TABNAME>ZPED_01</TABNAME>
   <FIELDNAME>CODCOMP</FIELDNAME>
   <DDLANGUAGE></DDLANGUAGE>
   <POSITION>0007</POSITION>
   <KEYFLAG></KEYFLAG>
   <MANDATORY></MANDATORY>
   <ROLLNAME>ZCOMPR01</ROLLNAME>
   <CHECKTABLE></CHECKTABLE>
   <ADMINFIELD>0</ADMINFIELD>
   <INTTYPE>C</INTTYPE>
   <INTLEN>000002</INTLEN>
   <REFTABLE></REFTABLE>
   <PRECFIELD></PRECFIELD>
   <REFFIELD></REFFIELD>
   <CONROUT></CONROUT>
   <NOTNULL></NOTNULL>
   <DOMNAME>ZCOMPR01</DOMNAME>
   <ROUTPUTLEN>000000</ROUTPUTLEN>
   <MEMORYID></MEMORYID>
   <LOGFLAG></LOGFLAG>
   <HEADLEN>16</HEADLEN>
   <SCRLEN1>10</SCRLEN1>
   <SCRLEN2>16</SCRLEN2>
   <SCRLEN3>20</SCRLEN3>
   <DTELGLOBAL></DTELGLOBAL>
   <DTELMASTER></DTELMASTER>
   <RESERVEDTE></RESERVEDTE>
   <DATATYPE>CHAR</DATATYPE>
   <LENG>000001</LENG>
   <OUTPUTLEN>000001</OUTPUTLEN>
   <DECIMALS>000000</DECIMALS>
   <LOWERCASE></LOWERCASE>
   <SIGNFLAG></SIGNFLAG>
   <LANGFLAG></LANGFLAG>
   <VALEXI>X</VALEXI>
   <ENTITYTAB></ENTITYTAB>
   <CONVEXIT></CONVEXIT>
   <MASK>  CHARE</MASK>
   <MASKLEN>0000</MASKLEN>
   <ACTFLAG></ACTFLAG>
   <DDTEXT></DDTEXT>
   <REPTEXT></REPTEXT>
   <SCRTEXT_S></SCRTEXT_S>
   <SCRTEXT_M></SCRTEXT_M>
   <SCRTEXT_L></SCRTEXT_L>
   <DOMMASTER></DOMMASTER>
   <RESERVEDOM></RESERVEDOM>
   <DOMGLOBAL></DOMGLOBAL>
   <DOMNAME3L>ZCOMPR01</DOMNAME3L>
   <SHLPORIGIN>F</SHLPORIGIN>
   <SHLPNAME></SHLPNAME>
   <SHLPFIELD></SHLPFIELD>
   <TABLETYPE></TABLETYPE>
   <DEPTH>00</DEPTH>
   <COMPTYPE>E</COMPTYPE>
   <DEFFDNAME></DEFFDNAME>
   <GROUPNAME></GROUPNAME>
   <REFTYPE></REFTYPE>
   <PROXYTYPE></PROXYTYPE>
   <LANGUFLAG></LANGUFLAG>
   <EXCLASS>0</EXCLASS>
   <LTRFLDDIS></LTRFLDDIS>
   <BIDICTRLC></BIDICTRLC>
   <DBPOSITION>0000</DBPOSITION>
   <ANONYMOUS></ANONYMOUS>
   <OUTPUTSTYLE>00</OUTPUTSTYLE>
   <NOHISTORY></NOHISTORY>
   <AMPMFORMAT></AMPMFORMAT>
   <STREAMORLOC></STREAMORLOC>
   <STRORLOCPOS>00</STRORLOCPOS>
  </DD03P>
 </DD03P_TABLE>
 <DD05M_TABLE>
  <DD05M>
   <TABNAME>ZPED_01</TABNAME>
   <FIELDNAME>CODFOR</FIELDNAME>
   <FORTABLE>ZPED_01</FORTABLE>
   <FORKEY>MANDT</FORKEY>
   <CHECKTABLE>ZFOR_01</CHECKTABLE>
   <CHECKFIELD>MANDT</CHECKFIELD>
   <PRIMPOS>0001</PRIMPOS>
   <DOMNAME>MANDT</DOMNAME>
   <DATATYPE>CLNT</DATATYPE>
   <LENG>000003</LENG>
   <FORSTRING></FORSTRING>
  </DD05M>
  <DD05M>
   <TABNAME>ZPED_01</TABNAME>
   <FIELDNAME>CODFOR</FIELDNAME>
   <FORTABLE>ZPED_01</FORTABLE>
   <FORKEY>CODFOR</FORKEY>
   <CHECKTABLE>ZFOR_01</CHECKTABLE>
   <CHECKFIELD>CODFOR</CHECKFIELD>
   <PRIMPOS>0002</PRIMPOS>
   <DOMNAME>LIFNR</DOMNAME>
   <DATATYPE>CHAR</DATATYPE>
   <LENG>000010</LENG>
   <FORSTRING></FORSTRING>
  </DD05M>
 </DD05M_TABLE>
 <DD08V_TABLE>
  <DD08V>
   <TABNAME>ZPED_01</TABNAME>
   <FIELDNAME>CODFOR</FIELDNAME>
   <DDLANGUAGE>E</DDLANGUAGE>
   <CHECKTABLE>ZFOR_01</CHECKTABLE>
   <FRKART>REF</FRKART>
   <CLASFIELD></CLASFIELD>
   <CLASVALUE></CLASVALUE>
   <CARD>CN</CARD>
   <CHECKFLAG></CHECKFLAG>
   <DDTEXT>Codigo do Fornecedor</DDTEXT>
   <ARBGB></ARBGB>
   <MSGNR></MSGNR>
   <NOINHERIT></NOINHERIT>
   <CARDLEFT>1</CARDLEFT>
  </DD08V>
 </DD08V_TABLE>
 <DD12VTAB/>
 <DD17VTAB/>
 <DD35V_TALE>
  <DD35V>
   <TABNAME>ZPED_01</TABNAME>
   <FIELDNAME>NUMPED</FIELDNAME>
   <SHLPNAME>ZSHLP_COL_01</SHLPNAME>
   <SHLPINHER></SHLPINHER>
  </DD35V>
 </DD35V_TALE>
 <DD36MTTYP>
  <DD36M>
   <TABNAME>ZPED_01</TABNAME>
   <FIELDNAME>NUMPED</FIELDNAME>
   <SHLPNAME>ZSHLP_COL_01</SHLPNAME>
   <SHLPFIELD>NUMPED</SHLPFIELD>
   <FLPOSITION>0001</FLPOSITION>
   <SHTYPE></SHTYPE>
   <SHTABLE>ZPED_01</SHTABLE>
   <SHFIELD>NUMPED</SHFIELD>
   <SHLPINPUT>X</SHLPINPUT>
   <SHLPOUTPUT>X</SHLPOUTPUT>
   <ROLLNAME>ZNUMPED01</ROLLNAME>
   <DOMNAME>ZNUMPED01</DOMNAME>
   <DATATYPE>NUMC</DATATYPE>
   <LENG>000006</LENG>
   <DECIMALS>000000</DECIMALS>
   <DEFAULTVAL></DEFAULTVAL>
   <DEFAULTTYP></DEFAULTTYP>
  </DD36M>
 </DD36MTTYP>
</abapGit>
