﻿<?xml version="1.0" encoding="utf-8"?>
<abapGit version="v0.2-alpha">
 <DD04V>
  <ROLLNAME>ZPRECO02</ROLLNAME>
  <DDLANGUAGE>E</DDLANGUAGE>
  <DOMNAME>ZPRECO02</DOMNAME>
  <ROUTPUTLEN>000000</ROUTPUTLEN>
  <MEMORYID></MEMORYID>
  <LOGFLAG></LOGFLAG>
  <HEADLEN>05</HEADLEN>
  <SCRLEN1>05</SCRLEN1>
  <SCRLEN2>05</SCRLEN2>
  <SCRLEN3>05</SCRLEN3>
  <DDTEXT>Preço</DDTEXT>
  <REPTEXT>Preço</REPTEXT>
  <SCRTEXT_S>Preço</SCRTEXT_S>
  <SCRTEXT_M>Preço</SCRTEXT_M>
  <SCRTEXT_L>Preço</SCRTEXT_L>
  <ACTFLAG></ACTFLAG>
  <APPLCLASS></APPLCLASS>
  <AUTHCLASS>00</AUTHCLASS>
  <AS4USER></AS4USER>
  <AS4DATE>00000000</AS4DATE>
  <AS4TIME>000000</AS4TIME>
  <DTELMASTER>E</DTELMASTER>
  <RESERVEDTE></RESERVEDTE>
  <DTELGLOBAL></DTELGLOBAL>
  <SHLPNAME></SHLPNAME>
  <SHLPFIELD></SHLPFIELD>
  <DEFFDNAME></DEFFDNAME>
  <DATATYPE>CURR</DATATYPE>
  <LENG>000013</LENG>
  <DECIMALS>000002</DECIMALS>
  <OUTPUTLEN>000017</OUTPUTLEN>
  <LOWERCASE></LOWERCASE>
  <SIGNFLAG></SIGNFLAG>
  <CONVEXIT></CONVEXIT>
  <VALEXI></VALEXI>
  <ENTITYTAB></ENTITYTAB>
  <REFKIND>D</REFKIND>
  <REFTYPE></REFTYPE>
  <PROXYTYPE></PROXYTYPE>
  <LTRFLDDIS></LTRFLDDIS>
  <BIDICTRLC></BIDICTRLC>
  <NOHISTORY></NOHISTORY>
 </DD04V>
 <TPARA>
  <PARAMID></PARAMID>
  <PARTEXT></PARTEXT>
 </TPARA>
</abapGit>
