﻿<?xml version="1.0" encoding="utf-8"?>
<abapGit version="v0.2-alpha">
 <DD04V>
  <ROLLNAME>ZQTDEMAT02</ROLLNAME>
  <DDLANGUAGE>E</DDLANGUAGE>
  <DOMNAME>ZQTDEMAT02</DOMNAME>
  <ROUTPUTLEN>000000</ROUTPUTLEN>
  <MEMORYID></MEMORYID>
  <LOGFLAG></LOGFLAG>
  <HEADLEN>23</HEADLEN>
  <SCRLEN1>10</SCRLEN1>
  <SCRLEN2>15</SCRLEN2>
  <SCRLEN3>20</SCRLEN3>
  <DDTEXT>Qtd.Mat.</DDTEXT>
  <REPTEXT>Quantidade de Materiais</REPTEXT>
  <SCRTEXT_S>Qtd.Mat</SCRTEXT_S>
  <SCRTEXT_M>Qtd.Materiais</SCRTEXT_M>
  <SCRTEXT_L>Quantidade Materiais</SCRTEXT_L>
  <ACTFLAG></ACTFLAG>
  <APPLCLASS></APPLCLASS>
  <AUTHCLASS>00</AUTHCLASS>
  <AS4USER></AS4USER>
  <AS4DATE>00000000</AS4DATE>
  <AS4TIME>000000</AS4TIME>
  <DTELMASTER>E</DTELMASTER>
  <RESERVEDTE></RESERVEDTE>
  <DTELGLOBAL></DTELGLOBAL>
  <SHLPNAME></SHLPNAME>
  <SHLPFIELD></SHLPFIELD>
  <DEFFDNAME></DEFFDNAME>
  <DATATYPE>QUAN</DATATYPE>
  <LENG>000006</LENG>
  <DECIMALS>000002</DECIMALS>
  <OUTPUTLEN>000008</OUTPUTLEN>
  <LOWERCASE></LOWERCASE>
  <SIGNFLAG></SIGNFLAG>
  <CONVEXIT></CONVEXIT>
  <VALEXI></VALEXI>
  <ENTITYTAB></ENTITYTAB>
  <REFKIND>D</REFKIND>
  <REFTYPE></REFTYPE>
  <PROXYTYPE></PROXYTYPE>
  <LTRFLDDIS></LTRFLDDIS>
  <BIDICTRLC></BIDICTRLC>
  <NOHISTORY></NOHISTORY>
 </DD04V>
 <TPARA>
  <PARAMID></PARAMID>
  <PARTEXT></PARTEXT>
 </TPARA>
</abapGit>
