﻿<?xml version="1.0" encoding="utf-8"?>
<abapGit version="v0.2-alpha">
 <DD01V>
  <DOMNAME>ZQTDEIT01</DOMNAME>
  <DDLANGUAGE>E</DDLANGUAGE>
  <DATATYPE>NUMC</DATATYPE>
  <LENG>000002</LENG>
  <OUTPUTLEN>000002</OUTPUTLEN>
  <DECIMALS>000000</DECIMALS>
  <LOWERCASE></LOWERCASE>
  <SIGNFLAG></SIGNFLAG>
  <LANGFLAG></LANGFLAG>
  <VALEXI></VALEXI>
  <ENTITYTAB></ENTITYTAB>
  <CONVEXIT></CONVEXIT>
  <MASK></MASK>
  <MASKLEN>0000</MASKLEN>
  <DDTEXT>Quantidade de Itens</DDTEXT>
  <ACTFLAG></ACTFLAG>
  <APPLCLASS></APPLCLASS>
  <AUTHCLASS>00</AUTHCLASS>
  <AS4USER></AS4USER>
  <AS4DATE>00000000</AS4DATE>
  <AS4TIME>000000</AS4TIME>
  <DOMMASTER></DOMMASTER>
  <RESERVEDOM></RESERVEDOM>
  <DOMGLOBAL></DOMGLOBAL>
  <APPENDNAME></APPENDNAME>
  <APPEXIST></APPEXIST>
  <PROXYTYPE></PROXYTYPE>
  <OUTPUTSTYLE>00</OUTPUTSTYLE>
  <AMPMFORMAT></AMPMFORMAT>
 </DD01V>
 <DD07V_TAB/>
</abapGit>
