﻿<?xml version="1.0" encoding="utf-8"?>
<abapGit version="v0.2-alpha">
 <DD30V>
  <SHLPNAME>ZSH1</SHLPNAME>
  <DDLANGUAGE>E</DDLANGUAGE>
  <DDTEXT>Pesq. Fornecedor pela Razão Social</DDTEXT>
  <ISSIMPLE>X</ISSIMPLE>
  <ELEMEXI></ELEMEXI>
  <NOFIELDS></NOFIELDS>
  <ATTACHEXI></ATTACHEXI>
  <SELMETHOD>ZVIEW1</SELMETHOD>
  <SELMTYPE>V</SELMTYPE>
  <TEXTTAB></TEXTTAB>
  <SELMEXIT></SELMEXIT>
  <HOTKEY></HOTKEY>
  <DIALOGTYPE>C</DIALOGTYPE>
  <ACTFLAG></ACTFLAG>
  <AS4USER></AS4USER>
  <AS4DATE>00000000</AS4DATE>
  <AS4TIME>000000</AS4TIME>
 </DD30V>
 <DD31V_TABLE/>
 <DD32P_TABLE>
  <DD32P>
   <SHLPNAME>ZSH1</SHLPNAME>
   <FIELDNAME>CODIGO</FIELDNAME>
   <FLPOSITION>0001</FLPOSITION>
   <ROLLNAME>LIFNR</ROLLNAME>
   <SHLPINPUT>X</SHLPINPUT>
   <SHLPOUTPUT>X</SHLPOUTPUT>
   <SHLPSELPOS>03</SHLPSELPOS>
   <SHLPSELDIS></SHLPSELDIS>
   <SHLPLISPOS>01</SHLPLISPOS>
   <SHLPUPPER></SHLPUPPER>
   <DEFAULTVAL></DEFAULTVAL>
   <DEFAULTTYP></DEFAULTTYP>
   <SQLTAB></SQLTAB>
   <ROLLCHANGE></ROLLCHANGE>
   <INDEXNAME></INDEXNAME>
   <DOMNAME>LIFNR</DOMNAME>
   <HEADLEN>10</HEADLEN>
   <SCRLEN1>10</SCRLEN1>
   <SCRLEN2>15</SCRLEN2>
   <SCRLEN3>20</SCRLEN3>
   <DATATYPE>CHAR</DATATYPE>
   <LENG>000010</LENG>
   <OUTPUTLEN>000010</OUTPUTLEN>
   <DECIMALS>000000</DECIMALS>
   <LOWERCASE></LOWERCASE>
   <SIGNFLAG></SIGNFLAG>
   <CONVEXIT>ALPHA</CONVEXIT>
   <PROXYTYPE></PROXYTYPE>
  </DD32P>
  <DD32P>
   <SHLPNAME>ZSH1</SHLPNAME>
   <FIELDNAME>NOME</FIELDNAME>
   <FLPOSITION>0002</FLPOSITION>
   <ROLLNAME>ZNOME</ROLLNAME>
   <SHLPINPUT></SHLPINPUT>
   <SHLPOUTPUT></SHLPOUTPUT>
   <SHLPSELPOS>01</SHLPSELPOS>
   <SHLPSELDIS></SHLPSELDIS>
   <SHLPLISPOS>02</SHLPLISPOS>
   <SHLPUPPER></SHLPUPPER>
   <DEFAULTVAL></DEFAULTVAL>
   <DEFAULTTYP></DEFAULTTYP>
   <SQLTAB></SQLTAB>
   <ROLLCHANGE></ROLLCHANGE>
   <INDEXNAME></INDEXNAME>
   <DOMNAME>ZNOME</DOMNAME>
   <HEADLEN>12</HEADLEN>
   <SCRLEN1>09</SCRLEN1>
   <SCRLEN2>12</SCRLEN2>
   <SCRLEN3>12</SCRLEN3>
   <DATATYPE>CHAR</DATATYPE>
   <LENG>000040</LENG>
   <OUTPUTLEN>000040</OUTPUTLEN>
   <DECIMALS>000000</DECIMALS>
   <LOWERCASE></LOWERCASE>
   <SIGNFLAG></SIGNFLAG>
   <CONVEXIT></CONVEXIT>
   <PROXYTYPE></PROXYTYPE>
  </DD32P>
  <DD32P>
   <SHLPNAME>ZSH1</SHLPNAME>
   <FIELDNAME>STATUS</FIELDNAME>
   <FLPOSITION>0003</FLPOSITION>
   <ROLLNAME>ZTATUS</ROLLNAME>
   <SHLPINPUT></SHLPINPUT>
   <SHLPOUTPUT></SHLPOUTPUT>
   <SHLPSELPOS>02</SHLPSELPOS>
   <SHLPSELDIS></SHLPSELDIS>
   <SHLPLISPOS>03</SHLPLISPOS>
   <SHLPUPPER></SHLPUPPER>
   <DEFAULTVAL></DEFAULTVAL>
   <DEFAULTTYP></DEFAULTTYP>
   <SQLTAB></SQLTAB>
   <ROLLCHANGE></ROLLCHANGE>
   <INDEXNAME></INDEXNAME>
   <DOMNAME>ZTATUS</DOMNAME>
   <HEADLEN>20</HEADLEN>
   <SCRLEN1>10</SCRLEN1>
   <SCRLEN2>20</SCRLEN2>
   <SCRLEN3>20</SCRLEN3>
   <DATATYPE>NUMC</DATATYPE>
   <LENG>000001</LENG>
   <OUTPUTLEN>000001</OUTPUTLEN>
   <DECIMALS>000000</DECIMALS>
   <LOWERCASE></LOWERCASE>
   <SIGNFLAG></SIGNFLAG>
   <CONVEXIT></CONVEXIT>
   <PROXYTYPE></PROXYTYPE>
  </DD32P>
 </DD32P_TABLE>
 <DD33V_TABLE/>
</abapGit>
