﻿<?xml version="1.0" encoding="utf-8"?>
<abapGit version="v0.2-alpha">
 <DD30V>
  <SHLPNAME>ZSH2</SHLPNAME>
  <DDLANGUAGE>E</DDLANGUAGE>
  <DDTEXT>Fornecedor por algum argumento de pesquisa</DDTEXT>
  <ISSIMPLE>X</ISSIMPLE>
  <ELEMEXI></ELEMEXI>
  <NOFIELDS></NOFIELDS>
  <ATTACHEXI></ATTACHEXI>
  <SELMETHOD>ZVIEW1</SELMETHOD>
  <SELMTYPE>V</SELMTYPE>
  <TEXTTAB></TEXTTAB>
  <SELMEXIT></SELMEXIT>
  <HOTKEY></HOTKEY>
  <DIALOGTYPE>C</DIALOGTYPE>
  <ACTFLAG></ACTFLAG>
  <AS4USER></AS4USER>
  <AS4DATE>00000000</AS4DATE>
  <AS4TIME>000000</AS4TIME>
 </DD30V>
 <DD31V_TABLE/>
 <DD32P_TABLE>
  <DD32P>
   <SHLPNAME>ZSH2</SHLPNAME>
   <FIELDNAME>CODIGO</FIELDNAME>
   <FLPOSITION>0001</FLPOSITION>
   <ROLLNAME>LIFNR</ROLLNAME>
   <SHLPINPUT>X</SHLPINPUT>
   <SHLPOUTPUT>X</SHLPOUTPUT>
   <SHLPSELPOS>04</SHLPSELPOS>
   <SHLPSELDIS></SHLPSELDIS>
   <SHLPLISPOS>01</SHLPLISPOS>
   <SHLPUPPER></SHLPUPPER>
   <DEFAULTVAL></DEFAULTVAL>
   <DEFAULTTYP></DEFAULTTYP>
   <SQLTAB></SQLTAB>
   <ROLLCHANGE></ROLLCHANGE>
   <INDEXNAME></INDEXNAME>
   <DOMNAME>LIFNR</DOMNAME>
   <HEADLEN>10</HEADLEN>
   <SCRLEN1>10</SCRLEN1>
   <SCRLEN2>15</SCRLEN2>
   <SCRLEN3>20</SCRLEN3>
   <DATATYPE>CHAR</DATATYPE>
   <LENG>000010</LENG>
   <OUTPUTLEN>000010</OUTPUTLEN>
   <DECIMALS>000000</DECIMALS>
   <LOWERCASE></LOWERCASE>
   <SIGNFLAG></SIGNFLAG>
   <CONVEXIT>ALPHA</CONVEXIT>
   <PROXYTYPE></PROXYTYPE>
  </DD32P>
  <DD32P>
   <SHLPNAME>ZSH2</SHLPNAME>
   <FIELDNAME>ORT01</FIELDNAME>
   <FLPOSITION>0002</FLPOSITION>
   <ROLLNAME>ORT01_GP</ROLLNAME>
   <SHLPINPUT></SHLPINPUT>
   <SHLPOUTPUT></SHLPOUTPUT>
   <SHLPSELPOS>01</SHLPSELPOS>
   <SHLPSELDIS></SHLPSELDIS>
   <SHLPLISPOS>02</SHLPLISPOS>
   <SHLPUPPER></SHLPUPPER>
   <DEFAULTVAL></DEFAULTVAL>
   <DEFAULTTYP></DEFAULTTYP>
   <SQLTAB></SQLTAB>
   <ROLLCHANGE></ROLLCHANGE>
   <INDEXNAME></INDEXNAME>
   <DOMNAME>TEXT35</DOMNAME>
   <HEADLEN>35</HEADLEN>
   <SCRLEN1>10</SCRLEN1>
   <SCRLEN2>12</SCRLEN2>
   <SCRLEN3>20</SCRLEN3>
   <DATATYPE>CHAR</DATATYPE>
   <LENG>000035</LENG>
   <OUTPUTLEN>000035</OUTPUTLEN>
   <DECIMALS>000000</DECIMALS>
   <LOWERCASE>X</LOWERCASE>
   <SIGNFLAG></SIGNFLAG>
   <CONVEXIT></CONVEXIT>
   <PROXYTYPE></PROXYTYPE>
  </DD32P>
  <DD32P>
   <SHLPNAME>ZSH2</SHLPNAME>
   <FIELDNAME>REGIO</FIELDNAME>
   <FLPOSITION>0003</FLPOSITION>
   <ROLLNAME>REGIO</ROLLNAME>
   <SHLPINPUT></SHLPINPUT>
   <SHLPOUTPUT></SHLPOUTPUT>
   <SHLPSELPOS>02</SHLPSELPOS>
   <SHLPSELDIS></SHLPSELDIS>
   <SHLPLISPOS>03</SHLPLISPOS>
   <SHLPUPPER></SHLPUPPER>
   <DEFAULTVAL></DEFAULTVAL>
   <DEFAULTTYP></DEFAULTTYP>
   <SQLTAB></SQLTAB>
   <ROLLCHANGE></ROLLCHANGE>
   <INDEXNAME></INDEXNAME>
   <DOMNAME>REGIO</DOMNAME>
   <HEADLEN>02</HEADLEN>
   <SCRLEN1>10</SCRLEN1>
   <SCRLEN2>14</SCRLEN2>
   <SCRLEN3>20</SCRLEN3>
   <DATATYPE>CHAR</DATATYPE>
   <LENG>000003</LENG>
   <OUTPUTLEN>000003</OUTPUTLEN>
   <DECIMALS>000000</DECIMALS>
   <LOWERCASE></LOWERCASE>
   <SIGNFLAG></SIGNFLAG>
   <CONVEXIT></CONVEXIT>
   <PROXYTYPE></PROXYTYPE>
  </DD32P>
  <DD32P>
   <SHLPNAME>ZSH2</SHLPNAME>
   <FIELDNAME>LAND1</FIELDNAME>
   <FLPOSITION>0004</FLPOSITION>
   <ROLLNAME>LAND1_GP</ROLLNAME>
   <SHLPINPUT></SHLPINPUT>
   <SHLPOUTPUT></SHLPOUTPUT>
   <SHLPSELPOS>03</SHLPSELPOS>
   <SHLPSELDIS></SHLPSELDIS>
   <SHLPLISPOS>04</SHLPLISPOS>
   <SHLPUPPER></SHLPUPPER>
   <DEFAULTVAL></DEFAULTVAL>
   <DEFAULTTYP></DEFAULTTYP>
   <SQLTAB></SQLTAB>
   <ROLLCHANGE></ROLLCHANGE>
   <INDEXNAME></INDEXNAME>
   <DOMNAME>LAND1</DOMNAME>
   <HEADLEN>03</HEADLEN>
   <SCRLEN1>10</SCRLEN1>
   <SCRLEN2>12</SCRLEN2>
   <SCRLEN3>20</SCRLEN3>
   <DATATYPE>CHAR</DATATYPE>
   <LENG>000003</LENG>
   <OUTPUTLEN>000003</OUTPUTLEN>
   <DECIMALS>000000</DECIMALS>
   <LOWERCASE></LOWERCASE>
   <SIGNFLAG></SIGNFLAG>
   <CONVEXIT></CONVEXIT>
   <PROXYTYPE></PROXYTYPE>
  </DD32P>
 </DD32P_TABLE>
 <DD33V_TABLE/>
</abapGit>
