﻿<?xml version="1.0" encoding="utf-8"?>
<abapGit version="v0.2-alpha">
 <DD30V>
  <SHLPNAME>ZSHLP2_01</SHLPNAME>
  <DDLANGUAGE>E</DDLANGUAGE>
  <DDTEXT>Pedido de Materiais</DDTEXT>
  <ISSIMPLE>X</ISSIMPLE>
  <ELEMEXI></ELEMEXI>
  <NOFIELDS></NOFIELDS>
  <ATTACHEXI></ATTACHEXI>
  <SELMETHOD>ZVIEW3_01</SELMETHOD>
  <SELMTYPE>V</SELMTYPE>
  <TEXTTAB></TEXTTAB>
  <SELMEXIT></SELMEXIT>
  <HOTKEY></HOTKEY>
  <DIALOGTYPE>C</DIALOGTYPE>
  <ACTFLAG></ACTFLAG>
  <AS4USER></AS4USER>
  <AS4DATE>00000000</AS4DATE>
  <AS4TIME>000000</AS4TIME>
 </DD30V>
 <DD31V_TABLE/>
 <DD32P_TABLE>
  <DD32P>
   <SHLPNAME>ZSHLP2_01</SHLPNAME>
   <FIELDNAME>NUMPED</FIELDNAME>
   <FLPOSITION>0001</FLPOSITION>
   <ROLLNAME>ZNUMPED01</ROLLNAME>
   <SHLPINPUT>X</SHLPINPUT>
   <SHLPOUTPUT>X</SHLPOUTPUT>
   <SHLPSELPOS>03</SHLPSELPOS>
   <SHLPSELDIS></SHLPSELDIS>
   <SHLPLISPOS>01</SHLPLISPOS>
   <SHLPUPPER></SHLPUPPER>
   <DEFAULTVAL></DEFAULTVAL>
   <DEFAULTTYP></DEFAULTTYP>
   <SQLTAB></SQLTAB>
   <ROLLCHANGE></ROLLCHANGE>
   <INDEXNAME></INDEXNAME>
   <DOMNAME>ZNUMPED01</DOMNAME>
   <HEADLEN>16</HEADLEN>
   <SCRLEN1>10</SCRLEN1>
   <SCRLEN2>16</SCRLEN2>
   <SCRLEN3>20</SCRLEN3>
   <DATATYPE>NUMC</DATATYPE>
   <LENG>000006</LENG>
   <OUTPUTLEN>000006</OUTPUTLEN>
   <DECIMALS>000000</DECIMALS>
   <LOWERCASE></LOWERCASE>
   <SIGNFLAG></SIGNFLAG>
   <CONVEXIT></CONVEXIT>
   <PROXYTYPE></PROXYTYPE>
  </DD32P>
  <DD32P>
   <SHLPNAME>ZSHLP2_01</SHLPNAME>
   <FIELDNAME>CODMAT</FIELDNAME>
   <FLPOSITION>0002</FLPOSITION>
   <ROLLNAME>MATNR</ROLLNAME>
   <SHLPINPUT></SHLPINPUT>
   <SHLPOUTPUT></SHLPOUTPUT>
   <SHLPSELPOS>02</SHLPSELPOS>
   <SHLPSELDIS></SHLPSELDIS>
   <SHLPLISPOS>02</SHLPLISPOS>
   <SHLPUPPER></SHLPUPPER>
   <DEFAULTVAL></DEFAULTVAL>
   <DEFAULTTYP></DEFAULTTYP>
   <SQLTAB></SQLTAB>
   <ROLLCHANGE></ROLLCHANGE>
   <INDEXNAME></INDEXNAME>
   <DOMNAME>MATNR</DOMNAME>
   <HEADLEN>18</HEADLEN>
   <SCRLEN1>10</SCRLEN1>
   <SCRLEN2>15</SCRLEN2>
   <SCRLEN3>20</SCRLEN3>
   <DATATYPE>CHAR</DATATYPE>
   <LENG>000018</LENG>
   <OUTPUTLEN>000018</OUTPUTLEN>
   <DECIMALS>000000</DECIMALS>
   <LOWERCASE></LOWERCASE>
   <SIGNFLAG></SIGNFLAG>
   <CONVEXIT>MATN1</CONVEXIT>
   <PROXYTYPE></PROXYTYPE>
  </DD32P>
  <DD32P>
   <SHLPNAME>ZSHLP2_01</SHLPNAME>
   <FIELDNAME>MAKTX</FIELDNAME>
   <FLPOSITION>0003</FLPOSITION>
   <ROLLNAME>MAKTX</ROLLNAME>
   <SHLPINPUT></SHLPINPUT>
   <SHLPOUTPUT></SHLPOUTPUT>
   <SHLPSELPOS>01</SHLPSELPOS>
   <SHLPSELDIS></SHLPSELDIS>
   <SHLPLISPOS>03</SHLPLISPOS>
   <SHLPUPPER></SHLPUPPER>
   <DEFAULTVAL></DEFAULTVAL>
   <DEFAULTTYP></DEFAULTTYP>
   <SQLTAB></SQLTAB>
   <ROLLCHANGE></ROLLCHANGE>
   <INDEXNAME></INDEXNAME>
   <DOMNAME>TEXT40</DOMNAME>
   <HEADLEN>40</HEADLEN>
   <SCRLEN1>10</SCRLEN1>
   <SCRLEN2>15</SCRLEN2>
   <SCRLEN3>20</SCRLEN3>
   <DATATYPE>CHAR</DATATYPE>
   <LENG>000040</LENG>
   <OUTPUTLEN>000040</OUTPUTLEN>
   <DECIMALS>000000</DECIMALS>
   <LOWERCASE>X</LOWERCASE>
   <SIGNFLAG></SIGNFLAG>
   <CONVEXIT></CONVEXIT>
   <PROXYTYPE></PROXYTYPE>
  </DD32P>
 </DD32P_TABLE>
 <DD33V_TABLE/>
</abapGit>
