﻿<?xml version="1.0" encoding="utf-8"?>
<abapGit version="v0.2-alpha">
 <DD30V>
  <SHLPNAME>ZSHLP_COL_01</SHLPNAME>
  <DDLANGUAGE>E</DDLANGUAGE>
  <DDTEXT>Pesquisa de Pedido</DDTEXT>
  <ISSIMPLE></ISSIMPLE>
  <ELEMEXI>X</ELEMEXI>
  <NOFIELDS></NOFIELDS>
  <ATTACHEXI>X</ATTACHEXI>
  <SELMETHOD></SELMETHOD>
  <SELMTYPE></SELMTYPE>
  <TEXTTAB></TEXTTAB>
  <SELMEXIT></SELMEXIT>
  <HOTKEY></HOTKEY>
  <DIALOGTYPE></DIALOGTYPE>
  <ACTFLAG></ACTFLAG>
  <AS4USER></AS4USER>
  <AS4DATE>00000000</AS4DATE>
  <AS4TIME>000000</AS4TIME>
 </DD30V>
 <DD31V_TABLE>
  <DD31V>
   <SHLPNAME>ZSHLP_COL_01</SHLPNAME>
   <SUBSHLP>ZSHLP1_01</SUBSHLP>
   <SHPOSITION>0001</SHPOSITION>
   <VIASHLP>ZSHLP_COL_01</VIASHLP>
   <HIDEFLAG></HIDEFLAG>
  </DD31V>
  <DD31V>
   <SHLPNAME>ZSHLP_COL_01</SHLPNAME>
   <SUBSHLP>ZSHLP2_01</SUBSHLP>
   <SHPOSITION>0002</SHPOSITION>
   <VIASHLP>ZSHLP_COL_01</VIASHLP>
   <HIDEFLAG></HIDEFLAG>
  </DD31V>
 </DD31V_TABLE>
 <DD32P_TABLE>
  <DD32P>
   <SHLPNAME>ZSHLP_COL_01</SHLPNAME>
   <FIELDNAME>NUMPED</FIELDNAME>
   <FLPOSITION>0001</FLPOSITION>
   <ROLLNAME>ZNUMPED01</ROLLNAME>
   <SHLPINPUT>X</SHLPINPUT>
   <SHLPOUTPUT>X</SHLPOUTPUT>
   <SHLPSELPOS>00</SHLPSELPOS>
   <SHLPSELDIS></SHLPSELDIS>
   <SHLPLISPOS>00</SHLPLISPOS>
   <SHLPUPPER></SHLPUPPER>
   <DEFAULTVAL></DEFAULTVAL>
   <DEFAULTTYP></DEFAULTTYP>
   <SQLTAB></SQLTAB>
   <ROLLCHANGE>N</ROLLCHANGE>
   <INDEXNAME></INDEXNAME>
   <DOMNAME>ZNUMPED01</DOMNAME>
   <HEADLEN>16</HEADLEN>
   <SCRLEN1>10</SCRLEN1>
   <SCRLEN2>16</SCRLEN2>
   <SCRLEN3>20</SCRLEN3>
   <DATATYPE>NUMC</DATATYPE>
   <LENG>000006</LENG>
   <OUTPUTLEN>000006</OUTPUTLEN>
   <DECIMALS>000000</DECIMALS>
   <LOWERCASE></LOWERCASE>
   <SIGNFLAG></SIGNFLAG>
   <CONVEXIT></CONVEXIT>
   <PROXYTYPE></PROXYTYPE>
  </DD32P>
 </DD32P_TABLE>
 <DD33V_TABLE>
  <DD33V>
   <SHLPNAME>ZSHLP_COL_01</SHLPNAME>
   <FIELDNAME>NUMPED</FIELDNAME>
   <SUBSHLP>ZSHLP1_01</SUBSHLP>
   <SUBFIELD>NUMPED</SUBFIELD>
   <DEFAULTVAL></DEFAULTVAL>
   <DEFAULTTYP></DEFAULTTYP>
   <VALUEDIREC>C</VALUEDIREC>
  </DD33V>
  <DD33V>
   <SHLPNAME>ZSHLP_COL_01</SHLPNAME>
   <FIELDNAME>NUMPED</FIELDNAME>
   <SUBSHLP>ZSHLP2_01</SUBSHLP>
   <SUBFIELD>NUMPED</SUBFIELD>
   <DEFAULTVAL></DEFAULTVAL>
   <DEFAULTTYP></DEFAULTTYP>
   <VALUEDIREC>C</VALUEDIREC>
  </DD33V>
 </DD33V_TABLE>
</abapGit>
