﻿<?xml version="1.0" encoding="utf-8"?>
<abapGit version="v0.2-alpha">
 <DD01V>
  <DOMNAME>ZSTATUSF05</DOMNAME>
  <DDLANGUAGE>E</DDLANGUAGE>
  <DATATYPE>NUMC</DATATYPE>
  <LENG>000001</LENG>
  <OUTPUTLEN>000001</OUTPUTLEN>
  <DECIMALS>000000</DECIMALS>
  <LOWERCASE></LOWERCASE>
  <SIGNFLAG></SIGNFLAG>
  <LANGFLAG></LANGFLAG>
  <VALEXI>X</VALEXI>
  <ENTITYTAB></ENTITYTAB>
  <CONVEXIT></CONVEXIT>
  <MASK></MASK>
  <MASKLEN>0000</MASKLEN>
  <DDTEXT>Status do Fornecedor</DDTEXT>
  <ACTFLAG></ACTFLAG>
  <APPLCLASS></APPLCLASS>
  <AUTHCLASS>00</AUTHCLASS>
  <AS4USER></AS4USER>
  <AS4DATE>00000000</AS4DATE>
  <AS4TIME>000000</AS4TIME>
  <DOMMASTER></DOMMASTER>
  <RESERVEDOM></RESERVEDOM>
  <DOMGLOBAL></DOMGLOBAL>
  <APPENDNAME></APPENDNAME>
  <APPEXIST></APPEXIST>
  <PROXYTYPE></PROXYTYPE>
  <OUTPUTSTYLE>00</OUTPUTSTYLE>
  <AMPMFORMAT></AMPMFORMAT>
 </DD01V>
 <DD07V_TAB>
  <DD07V>
   <DOMNAME>ZSTATUSF05</DOMNAME>
   <VALPOS>0001</VALPOS>
   <DDLANGUAGE>E</DDLANGUAGE>
   <DOMVALUE_L>0</DOMVALUE_L>
   <DOMVALUE_H></DOMVALUE_H>
   <DDTEXT>Fornecedor Ativo</DDTEXT>
   <DOMVAL_LD></DOMVAL_LD>
   <DOMVAL_HD></DOMVAL_HD>
   <APPVAL></APPVAL>
  </DD07V>
  <DD07V>
   <DOMNAME>ZSTATUSF05</DOMNAME>
   <VALPOS>0002</VALPOS>
   <DDLANGUAGE>E</DDLANGUAGE>
   <DOMVALUE_L>1</DOMVALUE_L>
   <DOMVALUE_H></DOMVALUE_H>
   <DDTEXT>Fornecedor é Cliente</DDTEXT>
   <DOMVAL_LD></DOMVAL_LD>
   <DOMVAL_HD></DOMVAL_HD>
   <APPVAL></APPVAL>
  </DD07V>
  <DD07V>
   <DOMNAME>ZSTATUSF05</DOMNAME>
   <VALPOS>0003</VALPOS>
   <DDLANGUAGE>E</DDLANGUAGE>
   <DOMVALUE_L>2</DOMVALUE_L>
   <DOMVALUE_H></DOMVALUE_H>
   <DDTEXT>Fornecedor em Consulta</DDTEXT>
   <DOMVAL_LD></DOMVAL_LD>
   <DOMVAL_HD></DOMVAL_HD>
   <APPVAL></APPVAL>
  </DD07V>
  <DD07V>
   <DOMNAME>ZSTATUSF05</DOMNAME>
   <VALPOS>0004</VALPOS>
   <DDLANGUAGE>E</DDLANGUAGE>
   <DOMVALUE_L>8</DOMVALUE_L>
   <DOMVALUE_H></DOMVALUE_H>
   <DDTEXT>Fornecedor Bloqueado</DDTEXT>
   <DOMVAL_LD></DOMVAL_LD>
   <DOMVAL_HD></DOMVAL_HD>
   <APPVAL></APPVAL>
  </DD07V>
  <DD07V>
   <DOMNAME>ZSTATUSF05</DOMNAME>
   <VALPOS>0005</VALPOS>
   <DDLANGUAGE>E</DDLANGUAGE>
   <DOMVALUE_L>9</DOMVALUE_L>
   <DOMVALUE_H></DOMVALUE_H>
   <DDTEXT>Fornecedor Cancelado</DDTEXT>
   <DOMVAL_LD></DOMVAL_LD>
   <DOMVAL_HD></DOMVAL_HD>
   <APPVAL></APPVAL>
  </DD07V>
 </DD07V_TAB>
</abapGit>
