﻿<?xml version="1.0" encoding="utf-8"?>
<abapGit version="v0.2-alpha">
 <DD02V>
  <TABNAME>ZTAB_DEMO</TABNAME>
  <DDLANGUAGE>E</DDLANGUAGE>
  <TABCLASS>TRANSP</TABCLASS>
  <SQLTAB></SQLTAB>
  <DATMIN>0000000000</DATMIN>
  <DATMAX>0000000000</DATMAX>
  <DATAVG>0000000000</DATAVG>
  <CLIDEP>X</CLIDEP>
  <BUFFERED></BUFFERED>
  <COMPRFLAG></COMPRFLAG>
  <LANGDEP></LANGDEP>
  <DDTEXT>Cadastro Demo academia de ABAP</DDTEXT>
  <ACTFLAG></ACTFLAG>
  <APPLCLASS></APPLCLASS>
  <AUTHCLASS>00</AUTHCLASS>
  <AS4USER></AS4USER>
  <AS4DATE>00000000</AS4DATE>
  <AS4TIME>000000</AS4TIME>
  <MASTERLANG></MASTERLANG>
  <MAINFLAG>X</MAINFLAG>
  <CONTFLAG>A</CONTFLAG>
  <RESERVETAB></RESERVETAB>
  <GLOBALFLAG></GLOBALFLAG>
  <PROZPUFF>000</PROZPUFF>
  <VIEWCLASS></VIEWCLASS>
  <VIEWGRANT></VIEWGRANT>
  <MULTIPLEX></MULTIPLEX>
  <SHLPEXI></SHLPEXI>
  <PROXYTYPE></PROXYTYPE>
  <EXCLASS>0</EXCLASS>
  <WRONGCL></WRONGCL>
 </DD02V>
 <DD09L>
  <TABNAME>ZTAB_DEMO</TABNAME>
  <AS4LOCAL>A</AS4LOCAL>
  <AS4VERS>0000</AS4VERS>
  <TABKAT>0</TABKAT>
  <TABART>APPL0</TABART>
  <PUFFERUNG></PUFFERUNG>
  <SCHFELDANZ>000</SCHFELDANZ>
  <PROTOKOLL></PROTOKOLL>
  <SPEICHPUFF></SPEICHPUFF>
  <AS4USER></AS4USER>
  <AS4DATE>00000000</AS4DATE>
  <AS4TIME>000000</AS4TIME>
  <TRANSPFLAG></TRANSPFLAG>
  <RESERVE></RESERVE>
  <UEBERSETZ></UEBERSETZ>
  <ACTFLAG></ACTFLAG>
  <BUFALLOW>N</BUFALLOW>
  <JAVAONLY></JAVAONLY>
 </DD09L>
 <DD03P_TABLE>
  <DD03P>
   <TABNAME>ZTAB_DEMO</TABNAME>
   <FIELDNAME>MANDT</FIELDNAME>
   <DDLANGUAGE></DDLANGUAGE>
   <POSITION>0001</POSITION>
   <KEYFLAG>X</KEYFLAG>
   <MANDATORY></MANDATORY>
   <ROLLNAME>MANDT</ROLLNAME>
   <CHECKTABLE></CHECKTABLE>
   <ADMINFIELD>0</ADMINFIELD>
   <INTTYPE>C</INTTYPE>
   <INTLEN>000006</INTLEN>
   <REFTABLE></REFTABLE>
   <PRECFIELD></PRECFIELD>
   <REFFIELD></REFFIELD>
   <CONROUT></CONROUT>
   <NOTNULL>X</NOTNULL>
   <DOMNAME>MANDT</DOMNAME>
   <ROUTPUTLEN>000000</ROUTPUTLEN>
   <MEMORYID></MEMORYID>
   <LOGFLAG></LOGFLAG>
   <HEADLEN>03</HEADLEN>
   <SCRLEN1>10</SCRLEN1>
   <SCRLEN2>15</SCRLEN2>
   <SCRLEN3>20</SCRLEN3>
   <DTELGLOBAL></DTELGLOBAL>
   <DTELMASTER></DTELMASTER>
   <RESERVEDTE></RESERVEDTE>
   <DATATYPE>CLNT</DATATYPE>
   <LENG>000003</LENG>
   <OUTPUTLEN>000003</OUTPUTLEN>
   <DECIMALS>000000</DECIMALS>
   <LOWERCASE></LOWERCASE>
   <SIGNFLAG></SIGNFLAG>
   <LANGFLAG></LANGFLAG>
   <VALEXI></VALEXI>
   <ENTITYTAB>T000</ENTITYTAB>
   <CONVEXIT></CONVEXIT>
   <MASK>  CLNTE</MASK>
   <MASKLEN>0000</MASKLEN>
   <ACTFLAG></ACTFLAG>
   <DDTEXT></DDTEXT>
   <REPTEXT></REPTEXT>
   <SCRTEXT_S></SCRTEXT_S>
   <SCRTEXT_M></SCRTEXT_M>
   <SCRTEXT_L></SCRTEXT_L>
   <DOMMASTER></DOMMASTER>
   <RESERVEDOM></RESERVEDOM>
   <DOMGLOBAL></DOMGLOBAL>
   <DOMNAME3L>MANDT</DOMNAME3L>
   <SHLPORIGIN></SHLPORIGIN>
   <SHLPNAME></SHLPNAME>
   <SHLPFIELD></SHLPFIELD>
   <TABLETYPE></TABLETYPE>
   <DEPTH>00</DEPTH>
   <COMPTYPE>E</COMPTYPE>
   <DEFFDNAME></DEFFDNAME>
   <GROUPNAME></GROUPNAME>
   <REFTYPE></REFTYPE>
   <PROXYTYPE></PROXYTYPE>
   <LANGUFLAG></LANGUFLAG>
   <EXCLASS>0</EXCLASS>
   <LTRFLDDIS></LTRFLDDIS>
   <BIDICTRLC></BIDICTRLC>
   <DBPOSITION>0000</DBPOSITION>
   <ANONYMOUS></ANONYMOUS>
   <OUTPUTSTYLE>00</OUTPUTSTYLE>
   <NOHISTORY></NOHISTORY>
   <AMPMFORMAT></AMPMFORMAT>
   <STREAMORLOC></STREAMORLOC>
   <STRORLOCPOS>00</STRORLOCPOS>
  </DD03P>
  <DD03P>
   <TABNAME>ZTAB_DEMO</TABNAME>
   <FIELDNAME>CODIGO</FIELDNAME>
   <DDLANGUAGE></DDLANGUAGE>
   <POSITION>0002</POSITION>
   <KEYFLAG>X</KEYFLAG>
   <MANDATORY></MANDATORY>
   <ROLLNAME>LIFNR</ROLLNAME>
   <CHECKTABLE>LFA1</CHECKTABLE>
   <ADMINFIELD>0</ADMINFIELD>
   <INTTYPE>C</INTTYPE>
   <INTLEN>000020</INTLEN>
   <REFTABLE></REFTABLE>
   <PRECFIELD></PRECFIELD>
   <REFFIELD></REFFIELD>
   <CONROUT></CONROUT>
   <NOTNULL>X</NOTNULL>
   <DOMNAME>LIFNR</DOMNAME>
   <ROUTPUTLEN>000000</ROUTPUTLEN>
   <MEMORYID>LIF</MEMORYID>
   <LOGFLAG>X</LOGFLAG>
   <HEADLEN>10</HEADLEN>
   <SCRLEN1>10</SCRLEN1>
   <SCRLEN2>15</SCRLEN2>
   <SCRLEN3>20</SCRLEN3>
   <DTELGLOBAL></DTELGLOBAL>
   <DTELMASTER></DTELMASTER>
   <RESERVEDTE></RESERVEDTE>
   <DATATYPE>CHAR</DATATYPE>
   <LENG>000010</LENG>
   <OUTPUTLEN>000010</OUTPUTLEN>
   <DECIMALS>000000</DECIMALS>
   <LOWERCASE></LOWERCASE>
   <SIGNFLAG></SIGNFLAG>
   <LANGFLAG></LANGFLAG>
   <VALEXI></VALEXI>
   <ENTITYTAB>LFA1</ENTITYTAB>
   <CONVEXIT>ALPHA</CONVEXIT>
   <MASK>  CHARE</MASK>
   <MASKLEN>0000</MASKLEN>
   <ACTFLAG></ACTFLAG>
   <DDTEXT></DDTEXT>
   <REPTEXT></REPTEXT>
   <SCRTEXT_S></SCRTEXT_S>
   <SCRTEXT_M></SCRTEXT_M>
   <SCRTEXT_L></SCRTEXT_L>
   <DOMMASTER></DOMMASTER>
   <RESERVEDOM></RESERVEDOM>
   <DOMGLOBAL></DOMGLOBAL>
   <DOMNAME3L>LIFNR</DOMNAME3L>
   <SHLPORIGIN>X</SHLPORIGIN>
   <SHLPNAME>KRED_C</SHLPNAME>
   <SHLPFIELD>LIFNR</SHLPFIELD>
   <TABLETYPE></TABLETYPE>
   <DEPTH>00</DEPTH>
   <COMPTYPE>E</COMPTYPE>
   <DEFFDNAME>VENDOR_NO</DEFFDNAME>
   <GROUPNAME></GROUPNAME>
   <REFTYPE></REFTYPE>
   <PROXYTYPE></PROXYTYPE>
   <LANGUFLAG></LANGUFLAG>
   <EXCLASS>0</EXCLASS>
   <LTRFLDDIS></LTRFLDDIS>
   <BIDICTRLC></BIDICTRLC>
   <DBPOSITION>0000</DBPOSITION>
   <ANONYMOUS></ANONYMOUS>
   <OUTPUTSTYLE>00</OUTPUTSTYLE>
   <NOHISTORY></NOHISTORY>
   <AMPMFORMAT></AMPMFORMAT>
   <STREAMORLOC></STREAMORLOC>
   <STRORLOCPOS>00</STRORLOCPOS>
  </DD03P>
  <DD03P>
   <TABNAME>ZTAB_DEMO</TABNAME>
   <FIELDNAME>NOME</FIELDNAME>
   <DDLANGUAGE></DDLANGUAGE>
   <POSITION>0003</POSITION>
   <KEYFLAG></KEYFLAG>
   <MANDATORY></MANDATORY>
   <ROLLNAME>ZNOME</ROLLNAME>
   <CHECKTABLE></CHECKTABLE>
   <ADMINFIELD>0</ADMINFIELD>
   <INTTYPE>C</INTTYPE>
   <INTLEN>000080</INTLEN>
   <REFTABLE></REFTABLE>
   <PRECFIELD></PRECFIELD>
   <REFFIELD></REFFIELD>
   <CONROUT></CONROUT>
   <NOTNULL></NOTNULL>
   <DOMNAME>ZNOME</DOMNAME>
   <ROUTPUTLEN>000000</ROUTPUTLEN>
   <MEMORYID></MEMORYID>
   <LOGFLAG></LOGFLAG>
   <HEADLEN>12</HEADLEN>
   <SCRLEN1>09</SCRLEN1>
   <SCRLEN2>12</SCRLEN2>
   <SCRLEN3>12</SCRLEN3>
   <DTELGLOBAL></DTELGLOBAL>
   <DTELMASTER></DTELMASTER>
   <RESERVEDTE></RESERVEDTE>
   <DATATYPE>CHAR</DATATYPE>
   <LENG>000040</LENG>
   <OUTPUTLEN>000040</OUTPUTLEN>
   <DECIMALS>000000</DECIMALS>
   <LOWERCASE></LOWERCASE>
   <SIGNFLAG></SIGNFLAG>
   <LANGFLAG></LANGFLAG>
   <VALEXI></VALEXI>
   <ENTITYTAB></ENTITYTAB>
   <CONVEXIT></CONVEXIT>
   <MASK>  CHARE</MASK>
   <MASKLEN>0000</MASKLEN>
   <ACTFLAG></ACTFLAG>
   <DDTEXT></DDTEXT>
   <REPTEXT></REPTEXT>
   <SCRTEXT_S></SCRTEXT_S>
   <SCRTEXT_M></SCRTEXT_M>
   <SCRTEXT_L></SCRTEXT_L>
   <DOMMASTER></DOMMASTER>
   <RESERVEDOM></RESERVEDOM>
   <DOMGLOBAL></DOMGLOBAL>
   <DOMNAME3L>ZNOME</DOMNAME3L>
   <SHLPORIGIN></SHLPORIGIN>
   <SHLPNAME></SHLPNAME>
   <SHLPFIELD></SHLPFIELD>
   <TABLETYPE></TABLETYPE>
   <DEPTH>00</DEPTH>
   <COMPTYPE>E</COMPTYPE>
   <DEFFDNAME></DEFFDNAME>
   <GROUPNAME></GROUPNAME>
   <REFTYPE></REFTYPE>
   <PROXYTYPE></PROXYTYPE>
   <LANGUFLAG></LANGUFLAG>
   <EXCLASS>0</EXCLASS>
   <LTRFLDDIS></LTRFLDDIS>
   <BIDICTRLC></BIDICTRLC>
   <DBPOSITION>0000</DBPOSITION>
   <ANONYMOUS></ANONYMOUS>
   <OUTPUTSTYLE>00</OUTPUTSTYLE>
   <NOHISTORY></NOHISTORY>
   <AMPMFORMAT></AMPMFORMAT>
   <STREAMORLOC></STREAMORLOC>
   <STRORLOCPOS>00</STRORLOCPOS>
  </DD03P>
  <DD03P>
   <TABNAME>ZTAB_DEMO</TABNAME>
   <FIELDNAME>VALOR</FIELDNAME>
   <DDLANGUAGE></DDLANGUAGE>
   <POSITION>0004</POSITION>
   <KEYFLAG></KEYFLAG>
   <MANDATORY></MANDATORY>
   <ROLLNAME>ZVALOR</ROLLNAME>
   <CHECKTABLE></CHECKTABLE>
   <ADMINFIELD>0</ADMINFIELD>
   <INTTYPE>P</INTTYPE>
   <INTLEN>000007</INTLEN>
   <REFTABLE>ZTAB_DEMO</REFTABLE>
   <PRECFIELD></PRECFIELD>
   <REFFIELD>MOEDA</REFFIELD>
   <CONROUT></CONROUT>
   <NOTNULL></NOTNULL>
   <DOMNAME>ZVALOR</DOMNAME>
   <ROUTPUTLEN>000000</ROUTPUTLEN>
   <MEMORYID></MEMORYID>
   <LOGFLAG></LOGFLAG>
   <HEADLEN>09</HEADLEN>
   <SCRLEN1>09</SCRLEN1>
   <SCRLEN2>09</SCRLEN2>
   <SCRLEN3>09</SCRLEN3>
   <DTELGLOBAL></DTELGLOBAL>
   <DTELMASTER></DTELMASTER>
   <RESERVEDTE></RESERVEDTE>
   <DATATYPE>CURR</DATATYPE>
   <LENG>000013</LENG>
   <OUTPUTLEN>000017</OUTPUTLEN>
   <DECIMALS>000002</DECIMALS>
   <LOWERCASE></LOWERCASE>
   <SIGNFLAG></SIGNFLAG>
   <LANGFLAG></LANGFLAG>
   <VALEXI></VALEXI>
   <ENTITYTAB></ENTITYTAB>
   <CONVEXIT></CONVEXIT>
   <MASK>  CURRE</MASK>
   <MASKLEN>0000</MASKLEN>
   <ACTFLAG></ACTFLAG>
   <DDTEXT></DDTEXT>
   <REPTEXT></REPTEXT>
   <SCRTEXT_S></SCRTEXT_S>
   <SCRTEXT_M></SCRTEXT_M>
   <SCRTEXT_L></SCRTEXT_L>
   <DOMMASTER></DOMMASTER>
   <RESERVEDOM></RESERVEDOM>
   <DOMGLOBAL></DOMGLOBAL>
   <DOMNAME3L>ZVALOR</DOMNAME3L>
   <SHLPORIGIN></SHLPORIGIN>
   <SHLPNAME></SHLPNAME>
   <SHLPFIELD></SHLPFIELD>
   <TABLETYPE></TABLETYPE>
   <DEPTH>00</DEPTH>
   <COMPTYPE>E</COMPTYPE>
   <DEFFDNAME></DEFFDNAME>
   <GROUPNAME></GROUPNAME>
   <REFTYPE></REFTYPE>
   <PROXYTYPE></PROXYTYPE>
   <LANGUFLAG></LANGUFLAG>
   <EXCLASS>0</EXCLASS>
   <LTRFLDDIS></LTRFLDDIS>
   <BIDICTRLC></BIDICTRLC>
   <DBPOSITION>0000</DBPOSITION>
   <ANONYMOUS></ANONYMOUS>
   <OUTPUTSTYLE>00</OUTPUTSTYLE>
   <NOHISTORY></NOHISTORY>
   <AMPMFORMAT></AMPMFORMAT>
   <STREAMORLOC></STREAMORLOC>
   <STRORLOCPOS>00</STRORLOCPOS>
  </DD03P>
  <DD03P>
   <TABNAME>ZTAB_DEMO</TABNAME>
   <FIELDNAME>MOEDA</FIELDNAME>
   <DDLANGUAGE></DDLANGUAGE>
   <POSITION>0005</POSITION>
   <KEYFLAG></KEYFLAG>
   <MANDATORY></MANDATORY>
   <ROLLNAME>ZMOE</ROLLNAME>
   <CHECKTABLE>TCURC</CHECKTABLE>
   <ADMINFIELD>0</ADMINFIELD>
   <INTTYPE>C</INTTYPE>
   <INTLEN>000010</INTLEN>
   <REFTABLE></REFTABLE>
   <PRECFIELD></PRECFIELD>
   <REFFIELD></REFFIELD>
   <CONROUT></CONROUT>
   <NOTNULL></NOTNULL>
   <DOMNAME>WAERS</DOMNAME>
   <ROUTPUTLEN>000000</ROUTPUTLEN>
   <MEMORYID></MEMORYID>
   <LOGFLAG></LOGFLAG>
   <HEADLEN>15</HEADLEN>
   <SCRLEN1>07</SCRLEN1>
   <SCRLEN2>15</SCRLEN2>
   <SCRLEN3>15</SCRLEN3>
   <DTELGLOBAL></DTELGLOBAL>
   <DTELMASTER></DTELMASTER>
   <RESERVEDTE></RESERVEDTE>
   <DATATYPE>CUKY</DATATYPE>
   <LENG>000005</LENG>
   <OUTPUTLEN>000005</OUTPUTLEN>
   <DECIMALS>000000</DECIMALS>
   <LOWERCASE></LOWERCASE>
   <SIGNFLAG></SIGNFLAG>
   <LANGFLAG></LANGFLAG>
   <VALEXI></VALEXI>
   <ENTITYTAB>TCURC</ENTITYTAB>
   <CONVEXIT></CONVEXIT>
   <MASK>  CUKYE</MASK>
   <MASKLEN>0000</MASKLEN>
   <ACTFLAG></ACTFLAG>
   <DDTEXT></DDTEXT>
   <REPTEXT></REPTEXT>
   <SCRTEXT_S></SCRTEXT_S>
   <SCRTEXT_M></SCRTEXT_M>
   <SCRTEXT_L></SCRTEXT_L>
   <DOMMASTER></DOMMASTER>
   <RESERVEDOM></RESERVEDOM>
   <DOMGLOBAL></DOMGLOBAL>
   <DOMNAME3L>WAERS</DOMNAME3L>
   <SHLPORIGIN>P</SHLPORIGIN>
   <SHLPNAME></SHLPNAME>
   <SHLPFIELD></SHLPFIELD>
   <TABLETYPE></TABLETYPE>
   <DEPTH>00</DEPTH>
   <COMPTYPE>E</COMPTYPE>
   <DEFFDNAME></DEFFDNAME>
   <GROUPNAME></GROUPNAME>
   <REFTYPE></REFTYPE>
   <PROXYTYPE></PROXYTYPE>
   <LANGUFLAG></LANGUFLAG>
   <EXCLASS>0</EXCLASS>
   <LTRFLDDIS></LTRFLDDIS>
   <BIDICTRLC></BIDICTRLC>
   <DBPOSITION>0000</DBPOSITION>
   <ANONYMOUS></ANONYMOUS>
   <OUTPUTSTYLE>00</OUTPUTSTYLE>
   <NOHISTORY></NOHISTORY>
   <AMPMFORMAT></AMPMFORMAT>
   <STREAMORLOC></STREAMORLOC>
   <STRORLOCPOS>00</STRORLOCPOS>
  </DD03P>
  <DD03P>
   <TABNAME>ZTAB_DEMO</TABNAME>
   <FIELDNAME>STATUS</FIELDNAME>
   <DDLANGUAGE></DDLANGUAGE>
   <POSITION>0006</POSITION>
   <KEYFLAG></KEYFLAG>
   <MANDATORY></MANDATORY>
   <ROLLNAME>ZTATUS</ROLLNAME>
   <CHECKTABLE></CHECKTABLE>
   <ADMINFIELD>0</ADMINFIELD>
   <INTTYPE>N</INTTYPE>
   <INTLEN>000002</INTLEN>
   <REFTABLE></REFTABLE>
   <PRECFIELD></PRECFIELD>
   <REFFIELD></REFFIELD>
   <CONROUT></CONROUT>
   <NOTNULL>X</NOTNULL>
   <DOMNAME>ZTATUS</DOMNAME>
   <ROUTPUTLEN>000000</ROUTPUTLEN>
   <MEMORYID></MEMORYID>
   <LOGFLAG></LOGFLAG>
   <HEADLEN>20</HEADLEN>
   <SCRLEN1>10</SCRLEN1>
   <SCRLEN2>20</SCRLEN2>
   <SCRLEN3>20</SCRLEN3>
   <DTELGLOBAL></DTELGLOBAL>
   <DTELMASTER></DTELMASTER>
   <RESERVEDTE></RESERVEDTE>
   <DATATYPE>NUMC</DATATYPE>
   <LENG>000001</LENG>
   <OUTPUTLEN>000001</OUTPUTLEN>
   <DECIMALS>000000</DECIMALS>
   <LOWERCASE></LOWERCASE>
   <SIGNFLAG></SIGNFLAG>
   <LANGFLAG></LANGFLAG>
   <VALEXI>X</VALEXI>
   <ENTITYTAB></ENTITYTAB>
   <CONVEXIT></CONVEXIT>
   <MASK>  NUMCE</MASK>
   <MASKLEN>0000</MASKLEN>
   <ACTFLAG></ACTFLAG>
   <DDTEXT></DDTEXT>
   <REPTEXT></REPTEXT>
   <SCRTEXT_S></SCRTEXT_S>
   <SCRTEXT_M></SCRTEXT_M>
   <SCRTEXT_L></SCRTEXT_L>
   <DOMMASTER></DOMMASTER>
   <RESERVEDOM></RESERVEDOM>
   <DOMGLOBAL></DOMGLOBAL>
   <DOMNAME3L>ZTATUS</DOMNAME3L>
   <SHLPORIGIN>F</SHLPORIGIN>
   <SHLPNAME></SHLPNAME>
   <SHLPFIELD></SHLPFIELD>
   <TABLETYPE></TABLETYPE>
   <DEPTH>00</DEPTH>
   <COMPTYPE>E</COMPTYPE>
   <DEFFDNAME></DEFFDNAME>
   <GROUPNAME></GROUPNAME>
   <REFTYPE></REFTYPE>
   <PROXYTYPE></PROXYTYPE>
   <LANGUFLAG></LANGUFLAG>
   <EXCLASS>0</EXCLASS>
   <LTRFLDDIS></LTRFLDDIS>
   <BIDICTRLC></BIDICTRLC>
   <DBPOSITION>0000</DBPOSITION>
   <ANONYMOUS></ANONYMOUS>
   <OUTPUTSTYLE>00</OUTPUTSTYLE>
   <NOHISTORY></NOHISTORY>
   <AMPMFORMAT></AMPMFORMAT>
   <STREAMORLOC></STREAMORLOC>
   <STRORLOCPOS>00</STRORLOCPOS>
  </DD03P>
 </DD03P_TABLE>
 <DD05M_TABLE>
  <DD05M>
   <TABNAME>ZTAB_DEMO</TABNAME>
   <FIELDNAME>CODIGO</FIELDNAME>
   <FORTABLE>ZTAB_DEMO</FORTABLE>
   <FORKEY>MANDT</FORKEY>
   <CHECKTABLE>LFA1</CHECKTABLE>
   <CHECKFIELD>MANDT</CHECKFIELD>
   <PRIMPOS>0001</PRIMPOS>
   <DOMNAME>MANDT</DOMNAME>
   <DATATYPE>CLNT</DATATYPE>
   <LENG>000003</LENG>
   <FORSTRING></FORSTRING>
  </DD05M>
  <DD05M>
   <TABNAME>ZTAB_DEMO</TABNAME>
   <FIELDNAME>CODIGO</FIELDNAME>
   <FORTABLE>ZTAB_DEMO</FORTABLE>
   <FORKEY>CODIGO</FORKEY>
   <CHECKTABLE>LFA1</CHECKTABLE>
   <CHECKFIELD>LIFNR</CHECKFIELD>
   <PRIMPOS>0002</PRIMPOS>
   <DOMNAME>LIFNR</DOMNAME>
   <DATATYPE>CHAR</DATATYPE>
   <LENG>000010</LENG>
   <FORSTRING></FORSTRING>
  </DD05M>
  <DD05M>
   <TABNAME>ZTAB_DEMO</TABNAME>
   <FIELDNAME>MOEDA</FIELDNAME>
   <FORTABLE>ZTAB_DEMO</FORTABLE>
   <FORKEY>MANDT</FORKEY>
   <CHECKTABLE>TCURC</CHECKTABLE>
   <CHECKFIELD>MANDT</CHECKFIELD>
   <PRIMPOS>0001</PRIMPOS>
   <DOMNAME>MANDT</DOMNAME>
   <DATATYPE>CLNT</DATATYPE>
   <LENG>000003</LENG>
   <FORSTRING></FORSTRING>
  </DD05M>
  <DD05M>
   <TABNAME>ZTAB_DEMO</TABNAME>
   <FIELDNAME>MOEDA</FIELDNAME>
   <FORTABLE>ZTAB_DEMO</FORTABLE>
   <FORKEY>MOEDA</FORKEY>
   <CHECKTABLE>TCURC</CHECKTABLE>
   <CHECKFIELD>WAERS</CHECKFIELD>
   <PRIMPOS>0002</PRIMPOS>
   <DOMNAME>WAERS</DOMNAME>
   <DATATYPE>CUKY</DATATYPE>
   <LENG>000005</LENG>
   <FORSTRING></FORSTRING>
  </DD05M>
 </DD05M_TABLE>
 <DD08V_TABLE>
  <DD08V>
   <TABNAME>ZTAB_DEMO</TABNAME>
   <FIELDNAME>CODIGO</FIELDNAME>
   <DDLANGUAGE>E</DDLANGUAGE>
   <CHECKTABLE>LFA1</CHECKTABLE>
   <FRKART>KEY</FRKART>
   <CLASFIELD></CLASFIELD>
   <CLASVALUE></CLASVALUE>
   <CARD>C</CARD>
   <CHECKFLAG></CHECKFLAG>
   <DDTEXT></DDTEXT>
   <ARBGB></ARBGB>
   <MSGNR></MSGNR>
   <NOINHERIT></NOINHERIT>
   <CARDLEFT>1</CARDLEFT>
  </DD08V>
  <DD08V>
   <TABNAME>ZTAB_DEMO</TABNAME>
   <FIELDNAME>MOEDA</FIELDNAME>
   <DDLANGUAGE>E</DDLANGUAGE>
   <CHECKTABLE>TCURC</CHECKTABLE>
   <FRKART>REF</FRKART>
   <CLASFIELD></CLASFIELD>
   <CLASVALUE></CLASVALUE>
   <CARD>CN</CARD>
   <CHECKFLAG></CHECKFLAG>
   <DDTEXT>Moeda</DDTEXT>
   <ARBGB></ARBGB>
   <MSGNR></MSGNR>
   <NOINHERIT></NOINHERIT>
   <CARDLEFT>1</CARDLEFT>
  </DD08V>
 </DD08V_TABLE>
 <DD12VTAB/>
 <DD17VTAB/>
 <DD35V_TALE>
  <DD35V>
   <TABNAME>ZTAB_DEMO</TABNAME>
   <FIELDNAME>CODIGO</FIELDNAME>
   <SHLPNAME>ZSH_COL</SHLPNAME>
   <SHLPINHER></SHLPINHER>
  </DD35V>
 </DD35V_TALE>
 <DD36MTTYP>
  <DD36M>
   <TABNAME>ZTAB_DEMO</TABNAME>
   <FIELDNAME>CODIGO</FIELDNAME>
   <SHLPNAME>ZSH_COL</SHLPNAME>
   <SHLPFIELD>CODIGO</SHLPFIELD>
   <FLPOSITION>0001</FLPOSITION>
   <SHTYPE></SHTYPE>
   <SHTABLE>ZTAB_DEMO</SHTABLE>
   <SHFIELD>CODIGO</SHFIELD>
   <SHLPINPUT>X</SHLPINPUT>
   <SHLPOUTPUT>X</SHLPOUTPUT>
   <ROLLNAME>LIFNR</ROLLNAME>
   <DOMNAME>LIFNR</DOMNAME>
   <DATATYPE>CHAR</DATATYPE>
   <LENG>000010</LENG>
   <DECIMALS>000000</DECIMALS>
   <DEFAULTVAL></DEFAULTVAL>
   <DEFAULTTYP></DEFAULTTYP>
  </DD36M>
 </DD36MTTYP>
</abapGit>
