﻿<?xml version="1.0" encoding="utf-8"?>
<abapGit version="v0.2-alpha">
 <TSTC>
  <TCODE>ZTRAN_04</TCODE>
  <PGMNA>SAPMZABAP_T01_04</PGMNA>
  <DYPNO>0100</DYPNO>
  <MENUE></MENUE>
  <CINFO>00</CINFO>
  <ARBGB></ARBGB>
 </TSTC>
 <TSTCC>
  <TCODE>ZTRAN_04</TCODE>
  <S_WEBGUI></S_WEBGUI>
  <S_WIN32></S_WIN32>
  <S_PLATIN></S_PLATIN>
  <S_SERVICE></S_SERVICE>
  <S_PERVAS></S_PERVAS>
  <S_DUMMY></S_DUMMY>
  <S_DUMMY1></S_DUMMY1>
  <S_DUMMY2></S_DUMMY2>
 </TSTCC>
 <TSTCT>
  <SPRSL>E</SPRSL>
  <TCODE>ZTRAN_04</TCODE>
  <TTEXT>Consulta/Manutenção Ped. Compras</TTEXT>
 </TSTCT>
</abapGit>
