﻿<?xml version="1.0" encoding="utf-8"?>
<abapGit version="v0.2-alpha">
 <DD40V>
  <TYPENAME>ZTY_MEUS_VOOS</TYPENAME>
  <DDLANGUAGE>E</DDLANGUAGE>
  <ROWTYPE>BC400_S_FLIGHT</ROWTYPE>
  <ROWKIND>S</ROWKIND>
  <DATATYPE>STRU</DATATYPE>
  <LENG>000000</LENG>
  <DECIMALS>000000</DECIMALS>
  <ACCESSMODE>T</ACCESSMODE>
  <KEYDEF>K</KEYDEF>
  <KEYKIND>N</KEYKIND>
  <KEYFDCOUNT>0003</KEYFDCOUNT>
  <GENERIC></GENERIC>
  <AS4USER></AS4USER>
  <AS4DATE>00000000</AS4DATE>
  <AS4TIME>000000</AS4TIME>
  <DDTEXT>Meu tipo Tabela para programas ABAP</DDTEXT>
  <TYPELEN>000044</TYPELEN>
  <ACTFLAG></ACTFLAG>
  <TTYPKIND></TTYPKIND>
  <RANGE_CTYP></RANGE_CTYP>
  <CTDATATYPE></CTDATATYPE>
  <CTLENG>000000</CTLENG>
  <CTDECIMALS>000000</CTDECIMALS>
  <REFTYPE></REFTYPE>
  <OCCURS>00000</OCCURS>
  <PROXYTYPE></PROXYTYPE>
  <ALIAS></ALIAS>
  <FURTHERSECKEY></FURTHERSECKEY>
 </DD40V>
 <DD42V_TAB>
  <DD42V>
   <TYPENAME>ZTY_MEUS_VOOS</TYPENAME>
   <SECKEYNAME></SECKEYNAME>
   <KEYFDPOS>0001</KEYFDPOS>
   <ROWTYPEPOS>0001</ROWTYPEPOS>
   <KEYFIELD>CARRID</KEYFIELD>
  </DD42V>
  <DD42V>
   <TYPENAME>ZTY_MEUS_VOOS</TYPENAME>
   <SECKEYNAME></SECKEYNAME>
   <KEYFDPOS>0002</KEYFDPOS>
   <ROWTYPEPOS>0002</ROWTYPEPOS>
   <KEYFIELD>CONNID</KEYFIELD>
  </DD42V>
  <DD42V>
   <TYPENAME>ZTY_MEUS_VOOS</TYPENAME>
   <SECKEYNAME></SECKEYNAME>
   <KEYFDPOS>0003</KEYFDPOS>
   <ROWTYPEPOS>0003</ROWTYPEPOS>
   <KEYFIELD>FLDATE</KEYFIELD>
  </DD42V>
 </DD42V_TAB>
 <DD43V_TAB/>
</abapGit>
