﻿<?xml version="1.0" encoding="utf-8"?>
<abapGit version="v0.2-alpha">
 <DD25V>
  <VIEWNAME>ZVIEW1</VIEWNAME>
  <AS4LOCAL>A</AS4LOCAL>
  <AS4VERS>0000</AS4VERS>
  <DDLANGUAGE>E</DDLANGUAGE>
  <AGGTYPE>V</AGGTYPE>
  <APPLCLASS></APPLCLASS>
  <AUTHCLASS>00</AUTHCLASS>
  <READONLY></READONLY>
  <ROOTTAB>ZTAB_DEMO</ROOTTAB>
  <AS4USER></AS4USER>
  <AS4DATE>00000000</AS4DATE>
  <AS4TIME>000000</AS4TIME>
  <DDTEXT>Cadastro de Fornecedor Ativo</DDTEXT>
  <VIEWCLASS>D</VIEWCLASS>
  <ACTFLAG></ACTFLAG>
  <MASTERLANG></MASTERLANG>
  <CUSTOMAUTH></CUSTOMAUTH>
  <VIEWGRANT>R</VIEWGRANT>
  <GLOBALFLAG></GLOBALFLAG>
  <MANKEY></MANKEY>
 </DD25V>
 <DD09L>
  <TABNAME></TABNAME>
  <AS4LOCAL></AS4LOCAL>
  <AS4VERS>0000</AS4VERS>
  <TABKAT></TABKAT>
  <TABART></TABART>
  <PUFFERUNG></PUFFERUNG>
  <SCHFELDANZ>000</SCHFELDANZ>
  <PROTOKOLL></PROTOKOLL>
  <SPEICHPUFF></SPEICHPUFF>
  <AS4USER></AS4USER>
  <AS4DATE>00000000</AS4DATE>
  <AS4TIME>000000</AS4TIME>
  <TRANSPFLAG></TRANSPFLAG>
  <RESERVE></RESERVE>
  <UEBERSETZ></UEBERSETZ>
  <ACTFLAG></ACTFLAG>
  <BUFALLOW></BUFALLOW>
  <JAVAONLY></JAVAONLY>
 </DD09L>
 <DD26V_TABLE>
  <DD26V>
   <DDLANGUAGE></DDLANGUAGE>
   <VIEWNAME>ZVIEW1</VIEWNAME>
   <TABNAME>ZTAB_DEMO</TABNAME>
   <TABPOS>0001</TABPOS>
   <FORTABNAME>ZTAB_DEMO</FORTABNAME>
   <FORFIELD></FORFIELD>
   <FORDIR></FORDIR>
  </DD26V>
  <DD26V>
   <DDLANGUAGE></DDLANGUAGE>
   <VIEWNAME>ZVIEW1</VIEWNAME>
   <TABNAME>LFA1</TABNAME>
   <TABPOS>0002</TABPOS>
   <FORTABNAME></FORTABNAME>
   <FORFIELD></FORFIELD>
   <FORDIR></FORDIR>
  </DD26V>
 </DD26V_TABLE>
 <DD27P_TABLE>
  <DD27P>
   <VIEWNAME>ZVIEW1</VIEWNAME>
   <OBJPOS>0001</OBJPOS>
   <DDLANGUAGE>E</DDLANGUAGE>
   <VIEWFIELD>MANDT</VIEWFIELD>
   <TABNAME>ZTAB_DEMO</TABNAME>
   <FIELDNAME>MANDT</FIELDNAME>
   <KEYFLAG>X</KEYFLAG>
   <MCFIELDID></MCFIELDID>
   <EFORM></EFORM>
   <ROLLNAME>MANDT</ROLLNAME>
   <ROLLNAMEVI>MANDT</ROLLNAMEVI>
   <ROLLCHANGE></ROLLCHANGE>
   <ENQMODE></ENQMODE>
   <RDONLY></RDONLY>
   <MEMORYID></MEMORYID>
   <DOMNAME>MANDT</DOMNAME>
   <DATATYPE>CLNT</DATATYPE>
   <FLENGTH>000003</FLENGTH>
   <CHECKTABLE></CHECKTABLE>
   <SHLPORIGIN></SHLPORIGIN>
   <SHLPNAME></SHLPNAME>
   <SHLPFIELD></SHLPFIELD>
   <REFTABLE></REFTABLE>
   <REFFIELD></REFFIELD>
   <ENTITYTAB>T000</ENTITYTAB>
   <INTTYPE>C</INTTYPE>
   <INTLEN>000006</INTLEN>
   <LOGFLAG></LOGFLAG>
   <HEADLEN>03</HEADLEN>
   <SCRLEN1>10</SCRLEN1>
   <SCRLEN2>15</SCRLEN2>
   <SCRLEN3>20</SCRLEN3>
   <OUTPUTLEN>000003</OUTPUTLEN>
   <DECIMALS>000000</DECIMALS>
   <LOWERCASE></LOWERCASE>
   <SIGNFLAG></SIGNFLAG>
   <VALEXI></VALEXI>
   <CONVEXIT></CONVEXIT>
   <DDTEXT>Client</DDTEXT>
   <REPTEXT>Cl.</REPTEXT>
   <SCRTEXT_S>Client</SCRTEXT_S>
   <SCRTEXT_M>Client</SCRTEXT_M>
   <SCRTEXT_L>Client</SCRTEXT_L>
   <PROXYTYPE></PROXYTYPE>
   <LTRFLDDIS></LTRFLDDIS>
   <BIDICTRLC></BIDICTRLC>
   <OUTPUTSTYLE>00</OUTPUTSTYLE>
   <NOHISTORY></NOHISTORY>
   <AMPMFORMAT></AMPMFORMAT>
  </DD27P>
  <DD27P>
   <VIEWNAME>ZVIEW1</VIEWNAME>
   <OBJPOS>0002</OBJPOS>
   <DDLANGUAGE>E</DDLANGUAGE>
   <VIEWFIELD>CODIGO</VIEWFIELD>
   <TABNAME>ZTAB_DEMO</TABNAME>
   <FIELDNAME>CODIGO</FIELDNAME>
   <KEYFLAG>X</KEYFLAG>
   <MCFIELDID></MCFIELDID>
   <EFORM></EFORM>
   <ROLLNAME>LIFNR</ROLLNAME>
   <ROLLNAMEVI>LIFNR</ROLLNAMEVI>
   <ROLLCHANGE></ROLLCHANGE>
   <ENQMODE></ENQMODE>
   <RDONLY></RDONLY>
   <MEMORYID>LIF</MEMORYID>
   <DOMNAME>LIFNR</DOMNAME>
   <DATATYPE>CHAR</DATATYPE>
   <FLENGTH>000010</FLENGTH>
   <CHECKTABLE>LFA1</CHECKTABLE>
   <SHLPORIGIN>X</SHLPORIGIN>
   <SHLPNAME>KRED_C</SHLPNAME>
   <SHLPFIELD>LIFNR</SHLPFIELD>
   <REFTABLE></REFTABLE>
   <REFFIELD></REFFIELD>
   <ENTITYTAB>LFA1</ENTITYTAB>
   <INTTYPE>C</INTTYPE>
   <INTLEN>000020</INTLEN>
   <LOGFLAG>X</LOGFLAG>
   <HEADLEN>10</HEADLEN>
   <SCRLEN1>10</SCRLEN1>
   <SCRLEN2>15</SCRLEN2>
   <SCRLEN3>20</SCRLEN3>
   <OUTPUTLEN>000010</OUTPUTLEN>
   <DECIMALS>000000</DECIMALS>
   <LOWERCASE></LOWERCASE>
   <SIGNFLAG></SIGNFLAG>
   <VALEXI></VALEXI>
   <CONVEXIT>ALPHA</CONVEXIT>
   <DDTEXT>Account Number of Vendor or Creditor</DDTEXT>
   <REPTEXT>Vendor</REPTEXT>
   <SCRTEXT_S>Vendor</SCRTEXT_S>
   <SCRTEXT_M>Vendor</SCRTEXT_M>
   <SCRTEXT_L>Vendor</SCRTEXT_L>
   <PROXYTYPE></PROXYTYPE>
   <LTRFLDDIS></LTRFLDDIS>
   <BIDICTRLC></BIDICTRLC>
   <OUTPUTSTYLE>00</OUTPUTSTYLE>
   <NOHISTORY></NOHISTORY>
   <AMPMFORMAT></AMPMFORMAT>
  </DD27P>
  <DD27P>
   <VIEWNAME>ZVIEW1</VIEWNAME>
   <OBJPOS>0003</OBJPOS>
   <DDLANGUAGE>E</DDLANGUAGE>
   <VIEWFIELD>NOME</VIEWFIELD>
   <TABNAME>ZTAB_DEMO</TABNAME>
   <FIELDNAME>NOME</FIELDNAME>
   <KEYFLAG></KEYFLAG>
   <MCFIELDID></MCFIELDID>
   <EFORM></EFORM>
   <ROLLNAME>ZNOME</ROLLNAME>
   <ROLLNAMEVI>ZNOME</ROLLNAMEVI>
   <ROLLCHANGE></ROLLCHANGE>
   <ENQMODE></ENQMODE>
   <RDONLY></RDONLY>
   <MEMORYID></MEMORYID>
   <DOMNAME>ZNOME</DOMNAME>
   <DATATYPE>CHAR</DATATYPE>
   <FLENGTH>000040</FLENGTH>
   <CHECKTABLE></CHECKTABLE>
   <SHLPORIGIN></SHLPORIGIN>
   <SHLPNAME></SHLPNAME>
   <SHLPFIELD></SHLPFIELD>
   <REFTABLE></REFTABLE>
   <REFFIELD></REFFIELD>
   <ENTITYTAB></ENTITYTAB>
   <INTTYPE>C</INTTYPE>
   <INTLEN>000080</INTLEN>
   <LOGFLAG></LOGFLAG>
   <HEADLEN>12</HEADLEN>
   <SCRLEN1>09</SCRLEN1>
   <SCRLEN2>12</SCRLEN2>
   <SCRLEN3>12</SCRLEN3>
   <OUTPUTLEN>000040</OUTPUTLEN>
   <DECIMALS>000000</DECIMALS>
   <LOWERCASE></LOWERCASE>
   <SIGNFLAG></SIGNFLAG>
   <VALEXI></VALEXI>
   <CONVEXIT></CONVEXIT>
   <DDTEXT>Razão Social</DDTEXT>
   <REPTEXT>Razão Social</REPTEXT>
   <SCRTEXT_S>R. Social</SCRTEXT_S>
   <SCRTEXT_M>Razão Social</SCRTEXT_M>
   <SCRTEXT_L>Razão Social</SCRTEXT_L>
   <PROXYTYPE></PROXYTYPE>
   <LTRFLDDIS></LTRFLDDIS>
   <BIDICTRLC></BIDICTRLC>
   <OUTPUTSTYLE>00</OUTPUTSTYLE>
   <NOHISTORY></NOHISTORY>
   <AMPMFORMAT></AMPMFORMAT>
  </DD27P>
  <DD27P>
   <VIEWNAME>ZVIEW1</VIEWNAME>
   <OBJPOS>0004</OBJPOS>
   <DDLANGUAGE>E</DDLANGUAGE>
   <VIEWFIELD>VALOR</VIEWFIELD>
   <TABNAME>ZTAB_DEMO</TABNAME>
   <FIELDNAME>VALOR</FIELDNAME>
   <KEYFLAG></KEYFLAG>
   <MCFIELDID></MCFIELDID>
   <EFORM></EFORM>
   <ROLLNAME>ZVALOR</ROLLNAME>
   <ROLLNAMEVI>ZVALOR</ROLLNAMEVI>
   <ROLLCHANGE></ROLLCHANGE>
   <ENQMODE></ENQMODE>
   <RDONLY></RDONLY>
   <MEMORYID></MEMORYID>
   <DOMNAME>ZVALOR</DOMNAME>
   <DATATYPE>CURR</DATATYPE>
   <FLENGTH>000013</FLENGTH>
   <CHECKTABLE></CHECKTABLE>
   <SHLPORIGIN></SHLPORIGIN>
   <SHLPNAME></SHLPNAME>
   <SHLPFIELD></SHLPFIELD>
   <REFTABLE>ZTAB_DEMO</REFTABLE>
   <REFFIELD>MOEDA</REFFIELD>
   <ENTITYTAB></ENTITYTAB>
   <INTTYPE>P</INTTYPE>
   <INTLEN>000007</INTLEN>
   <LOGFLAG></LOGFLAG>
   <HEADLEN>09</HEADLEN>
   <SCRLEN1>09</SCRLEN1>
   <SCRLEN2>09</SCRLEN2>
   <SCRLEN3>09</SCRLEN3>
   <OUTPUTLEN>000017</OUTPUTLEN>
   <DECIMALS>000002</DECIMALS>
   <LOWERCASE></LOWERCASE>
   <SIGNFLAG></SIGNFLAG>
   <VALEXI></VALEXI>
   <CONVEXIT></CONVEXIT>
   <DDTEXT>Valor Ano</DDTEXT>
   <REPTEXT>Valor Ano</REPTEXT>
   <SCRTEXT_S>Valor Ano</SCRTEXT_S>
   <SCRTEXT_M>Valor Ano</SCRTEXT_M>
   <SCRTEXT_L>Valor Ano</SCRTEXT_L>
   <PROXYTYPE></PROXYTYPE>
   <LTRFLDDIS></LTRFLDDIS>
   <BIDICTRLC></BIDICTRLC>
   <OUTPUTSTYLE>00</OUTPUTSTYLE>
   <NOHISTORY></NOHISTORY>
   <AMPMFORMAT></AMPMFORMAT>
  </DD27P>
  <DD27P>
   <VIEWNAME>ZVIEW1</VIEWNAME>
   <OBJPOS>0005</OBJPOS>
   <DDLANGUAGE>E</DDLANGUAGE>
   <VIEWFIELD>MOEDA</VIEWFIELD>
   <TABNAME>ZTAB_DEMO</TABNAME>
   <FIELDNAME>MOEDA</FIELDNAME>
   <KEYFLAG></KEYFLAG>
   <MCFIELDID></MCFIELDID>
   <EFORM></EFORM>
   <ROLLNAME>ZMOE</ROLLNAME>
   <ROLLNAMEVI>ZMOE</ROLLNAMEVI>
   <ROLLCHANGE></ROLLCHANGE>
   <ENQMODE></ENQMODE>
   <RDONLY></RDONLY>
   <MEMORYID></MEMORYID>
   <DOMNAME>WAERS</DOMNAME>
   <DATATYPE>CUKY</DATATYPE>
   <FLENGTH>000005</FLENGTH>
   <CHECKTABLE>TCURC</CHECKTABLE>
   <SHLPORIGIN>P</SHLPORIGIN>
   <SHLPNAME></SHLPNAME>
   <SHLPFIELD></SHLPFIELD>
   <REFTABLE></REFTABLE>
   <REFFIELD></REFFIELD>
   <ENTITYTAB>TCURC</ENTITYTAB>
   <INTTYPE>C</INTTYPE>
   <INTLEN>000010</INTLEN>
   <LOGFLAG></LOGFLAG>
   <HEADLEN>15</HEADLEN>
   <SCRLEN1>07</SCRLEN1>
   <SCRLEN2>15</SCRLEN2>
   <SCRLEN3>15</SCRLEN3>
   <OUTPUTLEN>000005</OUTPUTLEN>
   <DECIMALS>000000</DECIMALS>
   <LOWERCASE></LOWERCASE>
   <SIGNFLAG></SIGNFLAG>
   <VALEXI></VALEXI>
   <CONVEXIT></CONVEXIT>
   <DDTEXT>Codigo da Moeda</DDTEXT>
   <REPTEXT>Codigo da Moeda</REPTEXT>
   <SCRTEXT_S>C. Moe.</SCRTEXT_S>
   <SCRTEXT_M>Codigo da Moeda</SCRTEXT_M>
   <SCRTEXT_L>Codigo da Moeda</SCRTEXT_L>
   <PROXYTYPE></PROXYTYPE>
   <LTRFLDDIS></LTRFLDDIS>
   <BIDICTRLC></BIDICTRLC>
   <OUTPUTSTYLE>00</OUTPUTSTYLE>
   <NOHISTORY></NOHISTORY>
   <AMPMFORMAT></AMPMFORMAT>
  </DD27P>
  <DD27P>
   <VIEWNAME>ZVIEW1</VIEWNAME>
   <OBJPOS>0006</OBJPOS>
   <DDLANGUAGE>E</DDLANGUAGE>
   <VIEWFIELD>STATUS</VIEWFIELD>
   <TABNAME>ZTAB_DEMO</TABNAME>
   <FIELDNAME>STATUS</FIELDNAME>
   <KEYFLAG></KEYFLAG>
   <MCFIELDID></MCFIELDID>
   <EFORM></EFORM>
   <ROLLNAME>ZTATUS</ROLLNAME>
   <ROLLNAMEVI>ZTATUS</ROLLNAMEVI>
   <ROLLCHANGE></ROLLCHANGE>
   <ENQMODE></ENQMODE>
   <RDONLY></RDONLY>
   <MEMORYID></MEMORYID>
   <DOMNAME>ZTATUS</DOMNAME>
   <DATATYPE>NUMC</DATATYPE>
   <FLENGTH>000001</FLENGTH>
   <CHECKTABLE></CHECKTABLE>
   <SHLPORIGIN>F</SHLPORIGIN>
   <SHLPNAME></SHLPNAME>
   <SHLPFIELD></SHLPFIELD>
   <REFTABLE></REFTABLE>
   <REFFIELD></REFFIELD>
   <ENTITYTAB></ENTITYTAB>
   <INTTYPE>N</INTTYPE>
   <INTLEN>000002</INTLEN>
   <LOGFLAG></LOGFLAG>
   <HEADLEN>20</HEADLEN>
   <SCRLEN1>10</SCRLEN1>
   <SCRLEN2>20</SCRLEN2>
   <SCRLEN3>20</SCRLEN3>
   <OUTPUTLEN>000001</OUTPUTLEN>
   <DECIMALS>000000</DECIMALS>
   <LOWERCASE></LOWERCASE>
   <SIGNFLAG></SIGNFLAG>
   <VALEXI>X</VALEXI>
   <CONVEXIT></CONVEXIT>
   <DDTEXT>Status do Fornecedor</DDTEXT>
   <REPTEXT>Status do Fornecedor</REPTEXT>
   <SCRTEXT_S>Status</SCRTEXT_S>
   <SCRTEXT_M>Status do Fornecedor</SCRTEXT_M>
   <SCRTEXT_L>Status do Fornecedor</SCRTEXT_L>
   <PROXYTYPE></PROXYTYPE>
   <LTRFLDDIS></LTRFLDDIS>
   <BIDICTRLC></BIDICTRLC>
   <OUTPUTSTYLE>00</OUTPUTSTYLE>
   <NOHISTORY></NOHISTORY>
   <AMPMFORMAT></AMPMFORMAT>
  </DD27P>
  <DD27P>
   <VIEWNAME>ZVIEW1</VIEWNAME>
   <OBJPOS>0007</OBJPOS>
   <DDLANGUAGE>E</DDLANGUAGE>
   <VIEWFIELD>LAND1</VIEWFIELD>
   <TABNAME>LFA1</TABNAME>
   <FIELDNAME>LAND1</FIELDNAME>
   <KEYFLAG></KEYFLAG>
   <MCFIELDID></MCFIELDID>
   <EFORM></EFORM>
   <ROLLNAME>LAND1_GP</ROLLNAME>
   <ROLLNAMEVI>LAND1_GP</ROLLNAMEVI>
   <ROLLCHANGE></ROLLCHANGE>
   <ENQMODE></ENQMODE>
   <RDONLY></RDONLY>
   <MEMORYID></MEMORYID>
   <DOMNAME>LAND1</DOMNAME>
   <DATATYPE>CHAR</DATATYPE>
   <FLENGTH>000003</FLENGTH>
   <CHECKTABLE>T005</CHECKTABLE>
   <SHLPORIGIN>P</SHLPORIGIN>
   <SHLPNAME>C_LAND1</SHLPNAME>
   <SHLPFIELD>LAND1</SHLPFIELD>
   <REFTABLE></REFTABLE>
   <REFFIELD></REFFIELD>
   <ENTITYTAB>T005</ENTITYTAB>
   <INTTYPE>C</INTTYPE>
   <INTLEN>000006</INTLEN>
   <LOGFLAG>X</LOGFLAG>
   <HEADLEN>03</HEADLEN>
   <SCRLEN1>10</SCRLEN1>
   <SCRLEN2>12</SCRLEN2>
   <SCRLEN3>20</SCRLEN3>
   <OUTPUTLEN>000003</OUTPUTLEN>
   <DECIMALS>000000</DECIMALS>
   <LOWERCASE></LOWERCASE>
   <SIGNFLAG></SIGNFLAG>
   <VALEXI></VALEXI>
   <CONVEXIT></CONVEXIT>
   <DDTEXT>Country Key</DDTEXT>
   <REPTEXT>Cty</REPTEXT>
   <SCRTEXT_S>Country</SCRTEXT_S>
   <SCRTEXT_M>Country</SCRTEXT_M>
   <SCRTEXT_L>Country</SCRTEXT_L>
   <PROXYTYPE></PROXYTYPE>
   <LTRFLDDIS></LTRFLDDIS>
   <BIDICTRLC></BIDICTRLC>
   <OUTPUTSTYLE>00</OUTPUTSTYLE>
   <NOHISTORY></NOHISTORY>
   <AMPMFORMAT></AMPMFORMAT>
  </DD27P>
  <DD27P>
   <VIEWNAME>ZVIEW1</VIEWNAME>
   <OBJPOS>0008</OBJPOS>
   <DDLANGUAGE>E</DDLANGUAGE>
   <VIEWFIELD>ORT01</VIEWFIELD>
   <TABNAME>LFA1</TABNAME>
   <FIELDNAME>ORT01</FIELDNAME>
   <KEYFLAG></KEYFLAG>
   <MCFIELDID></MCFIELDID>
   <EFORM></EFORM>
   <ROLLNAME>ORT01_GP</ROLLNAME>
   <ROLLNAMEVI>ORT01_GP</ROLLNAMEVI>
   <ROLLCHANGE></ROLLCHANGE>
   <ENQMODE></ENQMODE>
   <RDONLY></RDONLY>
   <MEMORYID></MEMORYID>
   <DOMNAME>TEXT35</DOMNAME>
   <DATATYPE>CHAR</DATATYPE>
   <FLENGTH>000035</FLENGTH>
   <CHECKTABLE></CHECKTABLE>
   <SHLPORIGIN></SHLPORIGIN>
   <SHLPNAME></SHLPNAME>
   <SHLPFIELD></SHLPFIELD>
   <REFTABLE></REFTABLE>
   <REFFIELD></REFFIELD>
   <ENTITYTAB></ENTITYTAB>
   <INTTYPE>C</INTTYPE>
   <INTLEN>000070</INTLEN>
   <LOGFLAG>X</LOGFLAG>
   <HEADLEN>35</HEADLEN>
   <SCRLEN1>10</SCRLEN1>
   <SCRLEN2>12</SCRLEN2>
   <SCRLEN3>20</SCRLEN3>
   <OUTPUTLEN>000035</OUTPUTLEN>
   <DECIMALS>000000</DECIMALS>
   <LOWERCASE>X</LOWERCASE>
   <SIGNFLAG></SIGNFLAG>
   <VALEXI></VALEXI>
   <CONVEXIT></CONVEXIT>
   <DDTEXT>City</DDTEXT>
   <REPTEXT>City</REPTEXT>
   <SCRTEXT_S>City</SCRTEXT_S>
   <SCRTEXT_M>City</SCRTEXT_M>
   <SCRTEXT_L>City</SCRTEXT_L>
   <PROXYTYPE></PROXYTYPE>
   <LTRFLDDIS></LTRFLDDIS>
   <BIDICTRLC></BIDICTRLC>
   <OUTPUTSTYLE>00</OUTPUTSTYLE>
   <NOHISTORY></NOHISTORY>
   <AMPMFORMAT></AMPMFORMAT>
  </DD27P>
  <DD27P>
   <VIEWNAME>ZVIEW1</VIEWNAME>
   <OBJPOS>0009</OBJPOS>
   <DDLANGUAGE>E</DDLANGUAGE>
   <VIEWFIELD>REGIO</VIEWFIELD>
   <TABNAME>LFA1</TABNAME>
   <FIELDNAME>REGIO</FIELDNAME>
   <KEYFLAG></KEYFLAG>
   <MCFIELDID></MCFIELDID>
   <EFORM></EFORM>
   <ROLLNAME>REGIO</ROLLNAME>
   <ROLLNAMEVI>REGIO</ROLLNAMEVI>
   <ROLLCHANGE></ROLLCHANGE>
   <ENQMODE></ENQMODE>
   <RDONLY></RDONLY>
   <MEMORYID></MEMORYID>
   <DOMNAME>REGIO</DOMNAME>
   <DATATYPE>CHAR</DATATYPE>
   <FLENGTH>000003</FLENGTH>
   <CHECKTABLE>T005S</CHECKTABLE>
   <SHLPORIGIN>P</SHLPORIGIN>
   <SHLPNAME></SHLPNAME>
   <SHLPFIELD></SHLPFIELD>
   <REFTABLE></REFTABLE>
   <REFFIELD></REFFIELD>
   <ENTITYTAB>T005S</ENTITYTAB>
   <INTTYPE>C</INTTYPE>
   <INTLEN>000006</INTLEN>
   <LOGFLAG>X</LOGFLAG>
   <HEADLEN>02</HEADLEN>
   <SCRLEN1>10</SCRLEN1>
   <SCRLEN2>14</SCRLEN2>
   <SCRLEN3>20</SCRLEN3>
   <OUTPUTLEN>000003</OUTPUTLEN>
   <DECIMALS>000000</DECIMALS>
   <LOWERCASE></LOWERCASE>
   <SIGNFLAG></SIGNFLAG>
   <VALEXI></VALEXI>
   <CONVEXIT></CONVEXIT>
   <DDTEXT>Region (State, Province, County)</DDTEXT>
   <REPTEXT>Rg</REPTEXT>
   <SCRTEXT_S>Region</SCRTEXT_S>
   <SCRTEXT_M>Region</SCRTEXT_M>
   <SCRTEXT_L>Region</SCRTEXT_L>
   <PROXYTYPE></PROXYTYPE>
   <LTRFLDDIS></LTRFLDDIS>
   <BIDICTRLC></BIDICTRLC>
   <OUTPUTSTYLE>00</OUTPUTSTYLE>
   <NOHISTORY></NOHISTORY>
   <AMPMFORMAT></AMPMFORMAT>
  </DD27P>
  <DD27P>
   <VIEWNAME>ZVIEW1</VIEWNAME>
   <OBJPOS>0010</OBJPOS>
   <DDLANGUAGE>E</DDLANGUAGE>
   <VIEWFIELD>STRAS</VIEWFIELD>
   <TABNAME>LFA1</TABNAME>
   <FIELDNAME>STRAS</FIELDNAME>
   <KEYFLAG></KEYFLAG>
   <MCFIELDID></MCFIELDID>
   <EFORM></EFORM>
   <ROLLNAME>STRAS_GP</ROLLNAME>
   <ROLLNAMEVI>STRAS_GP</ROLLNAMEVI>
   <ROLLCHANGE></ROLLCHANGE>
   <ENQMODE></ENQMODE>
   <RDONLY></RDONLY>
   <MEMORYID></MEMORYID>
   <DOMNAME>TEXT35</DOMNAME>
   <DATATYPE>CHAR</DATATYPE>
   <FLENGTH>000035</FLENGTH>
   <CHECKTABLE></CHECKTABLE>
   <SHLPORIGIN></SHLPORIGIN>
   <SHLPNAME></SHLPNAME>
   <SHLPFIELD></SHLPFIELD>
   <REFTABLE></REFTABLE>
   <REFFIELD></REFFIELD>
   <ENTITYTAB></ENTITYTAB>
   <INTTYPE>C</INTTYPE>
   <INTLEN>000070</INTLEN>
   <LOGFLAG>X</LOGFLAG>
   <HEADLEN>35</HEADLEN>
   <SCRLEN1>10</SCRLEN1>
   <SCRLEN2>12</SCRLEN2>
   <SCRLEN3>20</SCRLEN3>
   <OUTPUTLEN>000035</OUTPUTLEN>
   <DECIMALS>000000</DECIMALS>
   <LOWERCASE>X</LOWERCASE>
   <SIGNFLAG></SIGNFLAG>
   <VALEXI></VALEXI>
   <CONVEXIT></CONVEXIT>
   <DDTEXT>House number and street</DDTEXT>
   <REPTEXT>Street</REPTEXT>
   <SCRTEXT_S>Street</SCRTEXT_S>
   <SCRTEXT_M>Street</SCRTEXT_M>
   <SCRTEXT_L>Street</SCRTEXT_L>
   <PROXYTYPE></PROXYTYPE>
   <LTRFLDDIS></LTRFLDDIS>
   <BIDICTRLC></BIDICTRLC>
   <OUTPUTSTYLE>00</OUTPUTSTYLE>
   <NOHISTORY></NOHISTORY>
   <AMPMFORMAT></AMPMFORMAT>
  </DD27P>
  <DD27P>
   <VIEWNAME>ZVIEW1</VIEWNAME>
   <OBJPOS>0011</OBJPOS>
   <DDLANGUAGE>E</DDLANGUAGE>
   <VIEWFIELD>TELF1</VIEWFIELD>
   <TABNAME>LFA1</TABNAME>
   <FIELDNAME>TELF1</FIELDNAME>
   <KEYFLAG></KEYFLAG>
   <MCFIELDID></MCFIELDID>
   <EFORM></EFORM>
   <ROLLNAME>TELF1</ROLLNAME>
   <ROLLNAMEVI>TELF1</ROLLNAMEVI>
   <ROLLCHANGE></ROLLCHANGE>
   <ENQMODE></ENQMODE>
   <RDONLY></RDONLY>
   <MEMORYID></MEMORYID>
   <DOMNAME>TEXT16</DOMNAME>
   <DATATYPE>CHAR</DATATYPE>
   <FLENGTH>000016</FLENGTH>
   <CHECKTABLE></CHECKTABLE>
   <SHLPORIGIN></SHLPORIGIN>
   <SHLPNAME></SHLPNAME>
   <SHLPFIELD></SHLPFIELD>
   <REFTABLE></REFTABLE>
   <REFFIELD></REFFIELD>
   <ENTITYTAB></ENTITYTAB>
   <INTTYPE>C</INTTYPE>
   <INTLEN>000032</INTLEN>
   <LOGFLAG>X</LOGFLAG>
   <HEADLEN>16</HEADLEN>
   <SCRLEN1>10</SCRLEN1>
   <SCRLEN2>12</SCRLEN2>
   <SCRLEN3>20</SCRLEN3>
   <OUTPUTLEN>000016</OUTPUTLEN>
   <DECIMALS>000000</DECIMALS>
   <LOWERCASE>X</LOWERCASE>
   <SIGNFLAG></SIGNFLAG>
   <VALEXI></VALEXI>
   <CONVEXIT></CONVEXIT>
   <DDTEXT>First telephone number</DDTEXT>
   <REPTEXT>Telephone 1</REPTEXT>
   <SCRTEXT_S>Telephone1</SCRTEXT_S>
   <SCRTEXT_M>Telephone 1</SCRTEXT_M>
   <SCRTEXT_L>Telephone 1</SCRTEXT_L>
   <PROXYTYPE></PROXYTYPE>
   <LTRFLDDIS></LTRFLDDIS>
   <BIDICTRLC></BIDICTRLC>
   <OUTPUTSTYLE>00</OUTPUTSTYLE>
   <NOHISTORY></NOHISTORY>
   <AMPMFORMAT></AMPMFORMAT>
  </DD27P>
 </DD27P_TABLE>
 <DD28J_TABLE>
  <DD28J>
   <VIEWNAME>ZVIEW1</VIEWNAME>
   <LTAB>LFA1</LTAB>
   <LFIELD>MANDT</LFIELD>
   <OPERATOR>EQ</OPERATOR>
   <RTAB>ZTAB_DEMO</RTAB>
   <RFIELD>MANDT</RFIELD>
   <SOURCE>S</SOURCE>
   <FRKTAB></FRKTAB>
   <FRKFIELD></FRKFIELD>
   <FRKDIR></FRKDIR>
   <VOPERATOR></VOPERATOR>
  </DD28J>
  <DD28J>
   <VIEWNAME>ZVIEW1</VIEWNAME>
   <LTAB>LFA1</LTAB>
   <LFIELD>LIFNR</LFIELD>
   <OPERATOR>EQ</OPERATOR>
   <RTAB>ZTAB_DEMO</RTAB>
   <RFIELD>CODIGO</RFIELD>
   <SOURCE>S</SOURCE>
   <FRKTAB></FRKTAB>
   <FRKFIELD></FRKFIELD>
   <FRKDIR></FRKDIR>
   <VOPERATOR></VOPERATOR>
  </DD28J>
 </DD28J_TABLE>
 <DD28V_TABLE>
  <DD28V>
   <DDLANGUAGE></DDLANGUAGE>
   <CONDNAME>ZVIEW1</CONDNAME>
   <POSITION>0005</POSITION>
   <TABNAME>ZTAB_DEMO</TABNAME>
   <FIELDNAME>STATUS</FIELDNAME>
   <NEGATION></NEGATION>
   <OPERATOR>EQ</OPERATOR>
   <CONSTANTS>&apos;0&apos;</CONSTANTS>
   <CONTLINE></CONTLINE>
   <AND_OR>OR</AND_OR>
   <OFFSET>0000</OFFSET>
   <FLENGTH>0000</FLENGTH>
   <MCOFIELD></MCOFIELD>
  </DD28V>
  <DD28V>
   <DDLANGUAGE></DDLANGUAGE>
   <CONDNAME>ZVIEW1</CONDNAME>
   <POSITION>0006</POSITION>
   <TABNAME>ZTAB_DEMO</TABNAME>
   <FIELDNAME>STATUS</FIELDNAME>
   <NEGATION></NEGATION>
   <OPERATOR>EQ</OPERATOR>
   <CONSTANTS>&apos;1&apos;</CONSTANTS>
   <CONTLINE></CONTLINE>
   <AND_OR>OR</AND_OR>
   <OFFSET>0000</OFFSET>
   <FLENGTH>0000</FLENGTH>
   <MCOFIELD></MCOFIELD>
  </DD28V>
  <DD28V>
   <DDLANGUAGE></DDLANGUAGE>
   <CONDNAME>ZVIEW1</CONDNAME>
   <POSITION>0007</POSITION>
   <TABNAME>ZTAB_DEMO</TABNAME>
   <FIELDNAME>STATUS</FIELDNAME>
   <NEGATION></NEGATION>
   <OPERATOR>EQ</OPERATOR>
   <CONSTANTS>&apos;3&apos;</CONSTANTS>
   <CONTLINE></CONTLINE>
   <AND_OR>OR</AND_OR>
   <OFFSET>0000</OFFSET>
   <FLENGTH>0000</FLENGTH>
   <MCOFIELD></MCOFIELD>
  </DD28V>
  <DD28V>
   <DDLANGUAGE></DDLANGUAGE>
   <CONDNAME>ZVIEW1</CONDNAME>
   <POSITION>0008</POSITION>
   <TABNAME>ZTAB_DEMO</TABNAME>
   <FIELDNAME>STATUS</FIELDNAME>
   <NEGATION></NEGATION>
   <OPERATOR>EQ</OPERATOR>
   <CONSTANTS>&apos;5&apos;</CONSTANTS>
   <CONTLINE></CONTLINE>
   <AND_OR></AND_OR>
   <OFFSET>0000</OFFSET>
   <FLENGTH>0000</FLENGTH>
   <MCOFIELD></MCOFIELD>
  </DD28V>
 </DD28V_TABLE>
</abapGit>
