﻿<?xml version="1.0" encoding="utf-8"?>
<abapGit version="v0.2-alpha">
 <DD25V>
  <VIEWNAME>ZVIEW2_01</VIEWNAME>
  <AS4LOCAL>A</AS4LOCAL>
  <AS4VERS>0000</AS4VERS>
  <DDLANGUAGE>E</DDLANGUAGE>
  <AGGTYPE>V</AGGTYPE>
  <APPLCLASS></APPLCLASS>
  <AUTHCLASS>00</AUTHCLASS>
  <READONLY></READONLY>
  <ROOTTAB>ZPED_01</ROOTTAB>
  <AS4USER></AS4USER>
  <AS4DATE>00000000</AS4DATE>
  <AS4TIME>000000</AS4TIME>
  <DDTEXT>Pedido Pendentes</DDTEXT>
  <VIEWCLASS>D</VIEWCLASS>
  <ACTFLAG></ACTFLAG>
  <MASTERLANG></MASTERLANG>
  <CUSTOMAUTH></CUSTOMAUTH>
  <VIEWGRANT>R</VIEWGRANT>
  <GLOBALFLAG></GLOBALFLAG>
  <MANKEY></MANKEY>
 </DD25V>
 <DD09L>
  <TABNAME></TABNAME>
  <AS4LOCAL></AS4LOCAL>
  <AS4VERS>0000</AS4VERS>
  <TABKAT></TABKAT>
  <TABART></TABART>
  <PUFFERUNG></PUFFERUNG>
  <SCHFELDANZ>000</SCHFELDANZ>
  <PROTOKOLL></PROTOKOLL>
  <SPEICHPUFF></SPEICHPUFF>
  <AS4USER></AS4USER>
  <AS4DATE>00000000</AS4DATE>
  <AS4TIME>000000</AS4TIME>
  <TRANSPFLAG></TRANSPFLAG>
  <RESERVE></RESERVE>
  <UEBERSETZ></UEBERSETZ>
  <ACTFLAG></ACTFLAG>
  <BUFALLOW></BUFALLOW>
  <JAVAONLY></JAVAONLY>
 </DD09L>
 <DD26V_TABLE>
  <DD26V>
   <DDLANGUAGE></DDLANGUAGE>
   <VIEWNAME>ZVIEW2_01</VIEWNAME>
   <TABNAME>ZPED_01</TABNAME>
   <TABPOS>0001</TABPOS>
   <FORTABNAME>ZPED_01</FORTABNAME>
   <FORFIELD></FORFIELD>
   <FORDIR></FORDIR>
  </DD26V>
  <DD26V>
   <DDLANGUAGE></DDLANGUAGE>
   <VIEWNAME>ZVIEW2_01</VIEWNAME>
   <TABNAME>ZIT_01</TABNAME>
   <TABPOS>0002</TABPOS>
   <FORTABNAME></FORTABNAME>
   <FORFIELD></FORFIELD>
   <FORDIR></FORDIR>
  </DD26V>
  <DD26V>
   <DDLANGUAGE></DDLANGUAGE>
   <VIEWNAME>ZVIEW2_01</VIEWNAME>
   <TABNAME>ZFOR_01</TABNAME>
   <TABPOS>0003</TABPOS>
   <FORTABNAME></FORTABNAME>
   <FORFIELD></FORFIELD>
   <FORDIR></FORDIR>
  </DD26V>
 </DD26V_TABLE>
 <DD27P_TABLE>
  <DD27P>
   <VIEWNAME>ZVIEW2_01</VIEWNAME>
   <OBJPOS>0001</OBJPOS>
   <DDLANGUAGE>E</DDLANGUAGE>
   <VIEWFIELD>MANDT</VIEWFIELD>
   <TABNAME>ZPED_01</TABNAME>
   <FIELDNAME>MANDT</FIELDNAME>
   <KEYFLAG>X</KEYFLAG>
   <MCFIELDID></MCFIELDID>
   <EFORM></EFORM>
   <ROLLNAME>MANDT</ROLLNAME>
   <ROLLNAMEVI>MANDT</ROLLNAMEVI>
   <ROLLCHANGE></ROLLCHANGE>
   <ENQMODE></ENQMODE>
   <RDONLY></RDONLY>
   <MEMORYID></MEMORYID>
   <DOMNAME>MANDT</DOMNAME>
   <DATATYPE>CLNT</DATATYPE>
   <FLENGTH>000003</FLENGTH>
   <CHECKTABLE></CHECKTABLE>
   <SHLPORIGIN></SHLPORIGIN>
   <SHLPNAME></SHLPNAME>
   <SHLPFIELD></SHLPFIELD>
   <REFTABLE></REFTABLE>
   <REFFIELD></REFFIELD>
   <ENTITYTAB>T000</ENTITYTAB>
   <INTTYPE>C</INTTYPE>
   <INTLEN>000006</INTLEN>
   <LOGFLAG></LOGFLAG>
   <HEADLEN>03</HEADLEN>
   <SCRLEN1>10</SCRLEN1>
   <SCRLEN2>15</SCRLEN2>
   <SCRLEN3>20</SCRLEN3>
   <OUTPUTLEN>000003</OUTPUTLEN>
   <DECIMALS>000000</DECIMALS>
   <LOWERCASE></LOWERCASE>
   <SIGNFLAG></SIGNFLAG>
   <VALEXI></VALEXI>
   <CONVEXIT></CONVEXIT>
   <DDTEXT>Client</DDTEXT>
   <REPTEXT>Cl.</REPTEXT>
   <SCRTEXT_S>Client</SCRTEXT_S>
   <SCRTEXT_M>Client</SCRTEXT_M>
   <SCRTEXT_L>Client</SCRTEXT_L>
   <PROXYTYPE></PROXYTYPE>
   <LTRFLDDIS></LTRFLDDIS>
   <BIDICTRLC></BIDICTRLC>
   <OUTPUTSTYLE>00</OUTPUTSTYLE>
   <NOHISTORY></NOHISTORY>
   <AMPMFORMAT></AMPMFORMAT>
  </DD27P>
  <DD27P>
   <VIEWNAME>ZVIEW2_01</VIEWNAME>
   <OBJPOS>0002</OBJPOS>
   <DDLANGUAGE>E</DDLANGUAGE>
   <VIEWFIELD>NUMPED</VIEWFIELD>
   <TABNAME>ZPED_01</TABNAME>
   <FIELDNAME>NUMPED</FIELDNAME>
   <KEYFLAG>X</KEYFLAG>
   <MCFIELDID></MCFIELDID>
   <EFORM></EFORM>
   <ROLLNAME>ZNUMPED01</ROLLNAME>
   <ROLLNAMEVI>ZNUMPED01</ROLLNAMEVI>
   <ROLLCHANGE></ROLLCHANGE>
   <ENQMODE></ENQMODE>
   <RDONLY></RDONLY>
   <MEMORYID></MEMORYID>
   <DOMNAME>ZNUMPED01</DOMNAME>
   <DATATYPE>NUMC</DATATYPE>
   <FLENGTH>000006</FLENGTH>
   <CHECKTABLE></CHECKTABLE>
   <SHLPORIGIN>X</SHLPORIGIN>
   <SHLPNAME></SHLPNAME>
   <SHLPFIELD></SHLPFIELD>
   <REFTABLE></REFTABLE>
   <REFFIELD></REFFIELD>
   <ENTITYTAB></ENTITYTAB>
   <INTTYPE>N</INTTYPE>
   <INTLEN>000012</INTLEN>
   <LOGFLAG></LOGFLAG>
   <HEADLEN>16</HEADLEN>
   <SCRLEN1>10</SCRLEN1>
   <SCRLEN2>16</SCRLEN2>
   <SCRLEN3>20</SCRLEN3>
   <OUTPUTLEN>000006</OUTPUTLEN>
   <DECIMALS>000000</DECIMALS>
   <LOWERCASE></LOWERCASE>
   <SIGNFLAG></SIGNFLAG>
   <VALEXI>X</VALEXI>
   <CONVEXIT></CONVEXIT>
   <DDTEXT>Numero do Pedido</DDTEXT>
   <REPTEXT>Numero do Pedido</REPTEXT>
   <SCRTEXT_S>Num.Pedido</SCRTEXT_S>
   <SCRTEXT_M>Numero do Pedido</SCRTEXT_M>
   <SCRTEXT_L>Numero do Pedido</SCRTEXT_L>
   <PROXYTYPE></PROXYTYPE>
   <LTRFLDDIS></LTRFLDDIS>
   <BIDICTRLC></BIDICTRLC>
   <OUTPUTSTYLE>00</OUTPUTSTYLE>
   <NOHISTORY></NOHISTORY>
   <AMPMFORMAT></AMPMFORMAT>
  </DD27P>
  <DD27P>
   <VIEWNAME>ZVIEW2_01</VIEWNAME>
   <OBJPOS>0003</OBJPOS>
   <DDLANGUAGE>E</DDLANGUAGE>
   <VIEWFIELD>CODFOR</VIEWFIELD>
   <TABNAME>ZPED_01</TABNAME>
   <FIELDNAME>CODFOR</FIELDNAME>
   <KEYFLAG>X</KEYFLAG>
   <MCFIELDID></MCFIELDID>
   <EFORM></EFORM>
   <ROLLNAME>LIFNR</ROLLNAME>
   <ROLLNAMEVI>LIFNR</ROLLNAMEVI>
   <ROLLCHANGE></ROLLCHANGE>
   <ENQMODE></ENQMODE>
   <RDONLY></RDONLY>
   <MEMORYID>LIF</MEMORYID>
   <DOMNAME>LIFNR</DOMNAME>
   <DATATYPE>CHAR</DATATYPE>
   <FLENGTH>000010</FLENGTH>
   <CHECKTABLE>ZFOR_01</CHECKTABLE>
   <SHLPORIGIN>P</SHLPORIGIN>
   <SHLPNAME>KRED_C</SHLPNAME>
   <SHLPFIELD>LIFNR</SHLPFIELD>
   <REFTABLE></REFTABLE>
   <REFFIELD></REFFIELD>
   <ENTITYTAB>LFA1</ENTITYTAB>
   <INTTYPE>C</INTTYPE>
   <INTLEN>000020</INTLEN>
   <LOGFLAG>X</LOGFLAG>
   <HEADLEN>10</HEADLEN>
   <SCRLEN1>10</SCRLEN1>
   <SCRLEN2>15</SCRLEN2>
   <SCRLEN3>20</SCRLEN3>
   <OUTPUTLEN>000010</OUTPUTLEN>
   <DECIMALS>000000</DECIMALS>
   <LOWERCASE></LOWERCASE>
   <SIGNFLAG></SIGNFLAG>
   <VALEXI></VALEXI>
   <CONVEXIT>ALPHA</CONVEXIT>
   <DDTEXT>Account Number of Vendor or Creditor</DDTEXT>
   <REPTEXT>Vendor</REPTEXT>
   <SCRTEXT_S>Vendor</SCRTEXT_S>
   <SCRTEXT_M>Vendor</SCRTEXT_M>
   <SCRTEXT_L>Vendor</SCRTEXT_L>
   <PROXYTYPE></PROXYTYPE>
   <LTRFLDDIS></LTRFLDDIS>
   <BIDICTRLC></BIDICTRLC>
   <OUTPUTSTYLE>00</OUTPUTSTYLE>
   <NOHISTORY></NOHISTORY>
   <AMPMFORMAT></AMPMFORMAT>
  </DD27P>
  <DD27P>
   <VIEWNAME>ZVIEW2_01</VIEWNAME>
   <OBJPOS>0004</OBJPOS>
   <DDLANGUAGE>E</DDLANGUAGE>
   <VIEWFIELD>CODCOMP</VIEWFIELD>
   <TABNAME>ZPED_01</TABNAME>
   <FIELDNAME>CODCOMP</FIELDNAME>
   <KEYFLAG>X</KEYFLAG>
   <MCFIELDID></MCFIELDID>
   <EFORM></EFORM>
   <ROLLNAME>ZCOMPR01</ROLLNAME>
   <ROLLNAMEVI>ZCOMPR01</ROLLNAMEVI>
   <ROLLCHANGE></ROLLCHANGE>
   <ENQMODE></ENQMODE>
   <RDONLY></RDONLY>
   <MEMORYID></MEMORYID>
   <DOMNAME>ZCOMPR01</DOMNAME>
   <DATATYPE>CHAR</DATATYPE>
   <FLENGTH>000001</FLENGTH>
   <CHECKTABLE></CHECKTABLE>
   <SHLPORIGIN>F</SHLPORIGIN>
   <SHLPNAME></SHLPNAME>
   <SHLPFIELD></SHLPFIELD>
   <REFTABLE></REFTABLE>
   <REFFIELD></REFFIELD>
   <ENTITYTAB></ENTITYTAB>
   <INTTYPE>C</INTTYPE>
   <INTLEN>000002</INTLEN>
   <LOGFLAG></LOGFLAG>
   <HEADLEN>16</HEADLEN>
   <SCRLEN1>10</SCRLEN1>
   <SCRLEN2>16</SCRLEN2>
   <SCRLEN3>20</SCRLEN3>
   <OUTPUTLEN>000001</OUTPUTLEN>
   <DECIMALS>000000</DECIMALS>
   <LOWERCASE></LOWERCASE>
   <SIGNFLAG></SIGNFLAG>
   <VALEXI>X</VALEXI>
   <CONVEXIT></CONVEXIT>
   <DDTEXT>Codigo da Compra</DDTEXT>
   <REPTEXT>Codigo da Compra</REPTEXT>
   <SCRTEXT_S>Cod.Compra</SCRTEXT_S>
   <SCRTEXT_M>Codigo da Compra</SCRTEXT_M>
   <SCRTEXT_L>Codigo da Compra</SCRTEXT_L>
   <PROXYTYPE></PROXYTYPE>
   <LTRFLDDIS></LTRFLDDIS>
   <BIDICTRLC></BIDICTRLC>
   <OUTPUTSTYLE>00</OUTPUTSTYLE>
   <NOHISTORY></NOHISTORY>
   <AMPMFORMAT></AMPMFORMAT>
  </DD27P>
  <DD27P>
   <VIEWNAME>ZVIEW2_01</VIEWNAME>
   <OBJPOS>0005</OBJPOS>
   <DDLANGUAGE>E</DDLANGUAGE>
   <VIEWFIELD>STATUSFOR</VIEWFIELD>
   <TABNAME>ZFOR_01</TABNAME>
   <FIELDNAME>STATUSFOR</FIELDNAME>
   <KEYFLAG>X</KEYFLAG>
   <MCFIELDID></MCFIELDID>
   <EFORM></EFORM>
   <ROLLNAME>ZSTATUSD01</ROLLNAME>
   <ROLLNAMEVI>ZSTATUSD01</ROLLNAMEVI>
   <ROLLCHANGE></ROLLCHANGE>
   <ENQMODE></ENQMODE>
   <RDONLY></RDONLY>
   <MEMORYID></MEMORYID>
   <DOMNAME>ZSTATUSF01</DOMNAME>
   <DATATYPE>NUMC</DATATYPE>
   <FLENGTH>000001</FLENGTH>
   <CHECKTABLE></CHECKTABLE>
   <SHLPORIGIN>F</SHLPORIGIN>
   <SHLPNAME></SHLPNAME>
   <SHLPFIELD></SHLPFIELD>
   <REFTABLE></REFTABLE>
   <REFFIELD></REFFIELD>
   <ENTITYTAB></ENTITYTAB>
   <INTTYPE>N</INTTYPE>
   <INTLEN>000002</INTLEN>
   <LOGFLAG></LOGFLAG>
   <HEADLEN>20</HEADLEN>
   <SCRLEN1>10</SCRLEN1>
   <SCRLEN2>20</SCRLEN2>
   <SCRLEN3>20</SCRLEN3>
   <OUTPUTLEN>000001</OUTPUTLEN>
   <DECIMALS>000000</DECIMALS>
   <LOWERCASE></LOWERCASE>
   <SIGNFLAG></SIGNFLAG>
   <VALEXI>X</VALEXI>
   <CONVEXIT></CONVEXIT>
   <DDTEXT>Status do Fornecedor</DDTEXT>
   <REPTEXT>Status do Fornecedor</REPTEXT>
   <SCRTEXT_S>Status For</SCRTEXT_S>
   <SCRTEXT_M>Status do Fornecedor</SCRTEXT_M>
   <SCRTEXT_L>Status do Fornecedor</SCRTEXT_L>
   <PROXYTYPE></PROXYTYPE>
   <LTRFLDDIS></LTRFLDDIS>
   <BIDICTRLC></BIDICTRLC>
   <OUTPUTSTYLE>00</OUTPUTSTYLE>
   <NOHISTORY></NOHISTORY>
   <AMPMFORMAT></AMPMFORMAT>
  </DD27P>
  <DD27P>
   <VIEWNAME>ZVIEW2_01</VIEWNAME>
   <OBJPOS>0006</OBJPOS>
   <DDLANGUAGE>E</DDLANGUAGE>
   <VIEWFIELD>ITEMPED</VIEWFIELD>
   <TABNAME>ZIT_01</TABNAME>
   <FIELDNAME>ITEMPED</FIELDNAME>
   <KEYFLAG>X</KEYFLAG>
   <MCFIELDID></MCFIELDID>
   <EFORM></EFORM>
   <ROLLNAME>ZITEM01</ROLLNAME>
   <ROLLNAMEVI>ZITEM01</ROLLNAMEVI>
   <ROLLCHANGE></ROLLCHANGE>
   <ENQMODE></ENQMODE>
   <RDONLY></RDONLY>
   <MEMORYID></MEMORYID>
   <DOMNAME>ZITEM01</DOMNAME>
   <DATATYPE>NUMC</DATATYPE>
   <FLENGTH>000006</FLENGTH>
   <CHECKTABLE></CHECKTABLE>
   <SHLPORIGIN>F</SHLPORIGIN>
   <SHLPNAME></SHLPNAME>
   <SHLPFIELD></SHLPFIELD>
   <REFTABLE></REFTABLE>
   <REFFIELD></REFFIELD>
   <ENTITYTAB></ENTITYTAB>
   <INTTYPE>N</INTTYPE>
   <INTLEN>000012</INTLEN>
   <LOGFLAG></LOGFLAG>
   <HEADLEN>14</HEADLEN>
   <SCRLEN1>10</SCRLEN1>
   <SCRLEN2>15</SCRLEN2>
   <SCRLEN3>20</SCRLEN3>
   <OUTPUTLEN>000006</OUTPUTLEN>
   <DECIMALS>000000</DECIMALS>
   <LOWERCASE></LOWERCASE>
   <SIGNFLAG></SIGNFLAG>
   <VALEXI>X</VALEXI>
   <CONVEXIT></CONVEXIT>
   <DDTEXT>Item do Pedido</DDTEXT>
   <REPTEXT>Item do Pedido</REPTEXT>
   <SCRTEXT_S>Item Pedid</SCRTEXT_S>
   <SCRTEXT_M>Item do Pedido</SCRTEXT_M>
   <SCRTEXT_L>Item do Pedido</SCRTEXT_L>
   <PROXYTYPE></PROXYTYPE>
   <LTRFLDDIS></LTRFLDDIS>
   <BIDICTRLC></BIDICTRLC>
   <OUTPUTSTYLE>00</OUTPUTSTYLE>
   <NOHISTORY></NOHISTORY>
   <AMPMFORMAT></AMPMFORMAT>
  </DD27P>
  <DD27P>
   <VIEWNAME>ZVIEW2_01</VIEWNAME>
   <OBJPOS>0007</OBJPOS>
   <DDLANGUAGE>E</DDLANGUAGE>
   <VIEWFIELD>QTDEMAT</VIEWFIELD>
   <TABNAME>ZIT_01</TABNAME>
   <FIELDNAME>QTDEMAT</FIELDNAME>
   <KEYFLAG></KEYFLAG>
   <MCFIELDID></MCFIELDID>
   <EFORM></EFORM>
   <ROLLNAME>ZQTDEMAT01</ROLLNAME>
   <ROLLNAMEVI>ZQTDEMAT01</ROLLNAMEVI>
   <ROLLCHANGE></ROLLCHANGE>
   <ENQMODE></ENQMODE>
   <RDONLY></RDONLY>
   <MEMORYID></MEMORYID>
   <DOMNAME>ZQTDEMAT</DOMNAME>
   <DATATYPE>QUAN</DATATYPE>
   <FLENGTH>000006</FLENGTH>
   <CHECKTABLE></CHECKTABLE>
   <SHLPORIGIN></SHLPORIGIN>
   <SHLPNAME></SHLPNAME>
   <SHLPFIELD></SHLPFIELD>
   <REFTABLE>ZIT_01</REFTABLE>
   <REFFIELD>UNIDMED</REFFIELD>
   <ENTITYTAB></ENTITYTAB>
   <INTTYPE>P</INTTYPE>
   <INTLEN>000004</INTLEN>
   <LOGFLAG></LOGFLAG>
   <HEADLEN>23</HEADLEN>
   <SCRLEN1>10</SCRLEN1>
   <SCRLEN2>20</SCRLEN2>
   <SCRLEN3>23</SCRLEN3>
   <OUTPUTLEN>000008</OUTPUTLEN>
   <DECIMALS>000002</DECIMALS>
   <LOWERCASE></LOWERCASE>
   <SIGNFLAG></SIGNFLAG>
   <VALEXI></VALEXI>
   <CONVEXIT></CONVEXIT>
   <DDTEXT>Quantidade de Materiais</DDTEXT>
   <REPTEXT>Quantidade de Materiais</REPTEXT>
   <SCRTEXT_S>Qtde.Mat.</SCRTEXT_S>
   <SCRTEXT_M>Quantidade de Materi</SCRTEXT_M>
   <SCRTEXT_L>Quantidade de Materiais</SCRTEXT_L>
   <PROXYTYPE></PROXYTYPE>
   <LTRFLDDIS></LTRFLDDIS>
   <BIDICTRLC></BIDICTRLC>
   <OUTPUTSTYLE>00</OUTPUTSTYLE>
   <NOHISTORY></NOHISTORY>
   <AMPMFORMAT></AMPMFORMAT>
  </DD27P>
  <DD27P>
   <VIEWNAME>ZVIEW2_01</VIEWNAME>
   <OBJPOS>0008</OBJPOS>
   <DDLANGUAGE>E</DDLANGUAGE>
   <VIEWFIELD>UNIDMED</VIEWFIELD>
   <TABNAME>ZIT_01</TABNAME>
   <FIELDNAME>UNIDMED</FIELDNAME>
   <KEYFLAG></KEYFLAG>
   <MCFIELDID></MCFIELDID>
   <EFORM></EFORM>
   <ROLLNAME>BSTME</ROLLNAME>
   <ROLLNAMEVI>BSTME</ROLLNAMEVI>
   <ROLLCHANGE></ROLLCHANGE>
   <ENQMODE></ENQMODE>
   <RDONLY></RDONLY>
   <MEMORYID></MEMORYID>
   <DOMNAME>MEINS</DOMNAME>
   <DATATYPE>UNIT</DATATYPE>
   <FLENGTH>000003</FLENGTH>
   <CHECKTABLE>T006</CHECKTABLE>
   <SHLPORIGIN>P</SHLPORIGIN>
   <SHLPNAME></SHLPNAME>
   <SHLPFIELD></SHLPFIELD>
   <REFTABLE></REFTABLE>
   <REFFIELD></REFFIELD>
   <ENTITYTAB>T006</ENTITYTAB>
   <INTTYPE>C</INTTYPE>
   <INTLEN>000006</INTLEN>
   <LOGFLAG>X</LOGFLAG>
   <HEADLEN>03</HEADLEN>
   <SCRLEN1>10</SCRLEN1>
   <SCRLEN2>15</SCRLEN2>
   <SCRLEN3>20</SCRLEN3>
   <OUTPUTLEN>000003</OUTPUTLEN>
   <DECIMALS>000000</DECIMALS>
   <LOWERCASE>X</LOWERCASE>
   <SIGNFLAG></SIGNFLAG>
   <VALEXI></VALEXI>
   <CONVEXIT>CUNIT</CONVEXIT>
   <DDTEXT>Purchase Order Unit of Measure</DDTEXT>
   <REPTEXT>OUn</REPTEXT>
   <SCRTEXT_S>Order Unit</SCRTEXT_S>
   <SCRTEXT_M>Order Unit</SCRTEXT_M>
   <SCRTEXT_L>Order Unit</SCRTEXT_L>
   <PROXYTYPE></PROXYTYPE>
   <LTRFLDDIS></LTRFLDDIS>
   <BIDICTRLC></BIDICTRLC>
   <OUTPUTSTYLE>00</OUTPUTSTYLE>
   <NOHISTORY></NOHISTORY>
   <AMPMFORMAT></AMPMFORMAT>
  </DD27P>
  <DD27P>
   <VIEWNAME>ZVIEW2_01</VIEWNAME>
   <OBJPOS>0009</OBJPOS>
   <DDLANGUAGE>E</DDLANGUAGE>
   <VIEWFIELD>CODMAT</VIEWFIELD>
   <TABNAME>ZIT_01</TABNAME>
   <FIELDNAME>CODMAT</FIELDNAME>
   <KEYFLAG></KEYFLAG>
   <MCFIELDID></MCFIELDID>
   <EFORM></EFORM>
   <ROLLNAME>MATNR</ROLLNAME>
   <ROLLNAMEVI>MATNR</ROLLNAMEVI>
   <ROLLCHANGE></ROLLCHANGE>
   <ENQMODE></ENQMODE>
   <RDONLY></RDONLY>
   <MEMORYID>MAT</MEMORYID>
   <DOMNAME>MATNR</DOMNAME>
   <DATATYPE>CHAR</DATATYPE>
   <FLENGTH>000018</FLENGTH>
   <CHECKTABLE>MARA</CHECKTABLE>
   <SHLPORIGIN>P</SHLPORIGIN>
   <SHLPNAME>S_MAT1</SHLPNAME>
   <SHLPFIELD>MATNR</SHLPFIELD>
   <REFTABLE></REFTABLE>
   <REFFIELD></REFFIELD>
   <ENTITYTAB>MARA</ENTITYTAB>
   <INTTYPE>C</INTTYPE>
   <INTLEN>000036</INTLEN>
   <LOGFLAG>X</LOGFLAG>
   <HEADLEN>18</HEADLEN>
   <SCRLEN1>10</SCRLEN1>
   <SCRLEN2>15</SCRLEN2>
   <SCRLEN3>20</SCRLEN3>
   <OUTPUTLEN>000018</OUTPUTLEN>
   <DECIMALS>000000</DECIMALS>
   <LOWERCASE></LOWERCASE>
   <SIGNFLAG></SIGNFLAG>
   <VALEXI></VALEXI>
   <CONVEXIT>MATN1</CONVEXIT>
   <DDTEXT>Material Number</DDTEXT>
   <REPTEXT>Material</REPTEXT>
   <SCRTEXT_S>Material</SCRTEXT_S>
   <SCRTEXT_M>Material</SCRTEXT_M>
   <SCRTEXT_L>Material</SCRTEXT_L>
   <PROXYTYPE></PROXYTYPE>
   <LTRFLDDIS></LTRFLDDIS>
   <BIDICTRLC></BIDICTRLC>
   <OUTPUTSTYLE>00</OUTPUTSTYLE>
   <NOHISTORY></NOHISTORY>
   <AMPMFORMAT></AMPMFORMAT>
  </DD27P>
  <DD27P>
   <VIEWNAME>ZVIEW2_01</VIEWNAME>
   <OBJPOS>0010</OBJPOS>
   <DDLANGUAGE>E</DDLANGUAGE>
   <VIEWFIELD>LANGU</VIEWFIELD>
   <TABNAME>ZIT_01</TABNAME>
   <FIELDNAME>LANGU</FIELDNAME>
   <KEYFLAG></KEYFLAG>
   <MCFIELDID></MCFIELDID>
   <EFORM></EFORM>
   <ROLLNAME>SPRAS</ROLLNAME>
   <ROLLNAMEVI>SPRAS</ROLLNAMEVI>
   <ROLLCHANGE></ROLLCHANGE>
   <ENQMODE></ENQMODE>
   <RDONLY></RDONLY>
   <MEMORYID>SPR</MEMORYID>
   <DOMNAME>SPRAS</DOMNAME>
   <DATATYPE>LANG</DATATYPE>
   <FLENGTH>000001</FLENGTH>
   <CHECKTABLE>T002</CHECKTABLE>
   <SHLPORIGIN>P</SHLPORIGIN>
   <SHLPNAME>H_T002</SHLPNAME>
   <SHLPFIELD>SPRAS</SHLPFIELD>
   <REFTABLE></REFTABLE>
   <REFFIELD></REFFIELD>
   <ENTITYTAB>T002</ENTITYTAB>
   <INTTYPE>C</INTTYPE>
   <INTLEN>000002</INTLEN>
   <LOGFLAG>X</LOGFLAG>
   <HEADLEN>10</HEADLEN>
   <SCRLEN1>10</SCRLEN1>
   <SCRLEN2>15</SCRLEN2>
   <SCRLEN3>20</SCRLEN3>
   <OUTPUTLEN>000002</OUTPUTLEN>
   <DECIMALS>000000</DECIMALS>
   <LOWERCASE>X</LOWERCASE>
   <SIGNFLAG></SIGNFLAG>
   <VALEXI></VALEXI>
   <CONVEXIT>ISOLA</CONVEXIT>
   <DDTEXT>Language Key</DDTEXT>
   <REPTEXT>Language</REPTEXT>
   <SCRTEXT_S>Language</SCRTEXT_S>
   <SCRTEXT_M>Language</SCRTEXT_M>
   <SCRTEXT_L>Language Key</SCRTEXT_L>
   <PROXYTYPE></PROXYTYPE>
   <LTRFLDDIS></LTRFLDDIS>
   <BIDICTRLC></BIDICTRLC>
   <OUTPUTSTYLE>00</OUTPUTSTYLE>
   <NOHISTORY></NOHISTORY>
   <AMPMFORMAT></AMPMFORMAT>
  </DD27P>
 </DD27P_TABLE>
 <DD28J_TABLE>
  <DD28J>
   <VIEWNAME>ZVIEW2_01</VIEWNAME>
   <LTAB>ZPED_01</LTAB>
   <LFIELD>MANDT</LFIELD>
   <OPERATOR>EQ</OPERATOR>
   <RTAB>ZIT_01</RTAB>
   <RFIELD>MANDT</RFIELD>
   <SOURCE>S</SOURCE>
   <FRKTAB></FRKTAB>
   <FRKFIELD></FRKFIELD>
   <FRKDIR></FRKDIR>
   <VOPERATOR></VOPERATOR>
  </DD28J>
  <DD28J>
   <VIEWNAME>ZVIEW2_01</VIEWNAME>
   <LTAB>ZPED_01</LTAB>
   <LFIELD>NUMPED</LFIELD>
   <OPERATOR>EQ</OPERATOR>
   <RTAB>ZIT_01</RTAB>
   <RFIELD>NUMPED</RFIELD>
   <SOURCE>S</SOURCE>
   <FRKTAB></FRKTAB>
   <FRKFIELD></FRKFIELD>
   <FRKDIR></FRKDIR>
   <VOPERATOR></VOPERATOR>
  </DD28J>
  <DD28J>
   <VIEWNAME>ZVIEW2_01</VIEWNAME>
   <LTAB>ZFOR_01</LTAB>
   <LFIELD>MANDT</LFIELD>
   <OPERATOR>EQ</OPERATOR>
   <RTAB>ZPED_01</RTAB>
   <RFIELD>MANDT</RFIELD>
   <SOURCE>S</SOURCE>
   <FRKTAB></FRKTAB>
   <FRKFIELD></FRKFIELD>
   <FRKDIR></FRKDIR>
   <VOPERATOR></VOPERATOR>
  </DD28J>
  <DD28J>
   <VIEWNAME>ZVIEW2_01</VIEWNAME>
   <LTAB>ZFOR_01</LTAB>
   <LFIELD>CODFOR</LFIELD>
   <OPERATOR>EQ</OPERATOR>
   <RTAB>ZPED_01</RTAB>
   <RFIELD>CODFOR</RFIELD>
   <SOURCE>S</SOURCE>
   <FRKTAB></FRKTAB>
   <FRKFIELD></FRKFIELD>
   <FRKDIR></FRKDIR>
   <VOPERATOR></VOPERATOR>
  </DD28J>
 </DD28J_TABLE>
 <DD28V_TABLE>
  <DD28V>
   <DDLANGUAGE></DDLANGUAGE>
   <CONDNAME>ZVIEW2_01</CONDNAME>
   <POSITION>0009</POSITION>
   <TABNAME>ZIT_01</TABNAME>
   <FIELDNAME>STATUSITEM</FIELDNAME>
   <NEGATION></NEGATION>
   <OPERATOR>EQ</OPERATOR>
   <CONSTANTS>&apos;A&apos;</CONSTANTS>
   <CONTLINE></CONTLINE>
   <AND_OR>OR</AND_OR>
   <OFFSET>0000</OFFSET>
   <FLENGTH>0000</FLENGTH>
   <MCOFIELD></MCOFIELD>
  </DD28V>
  <DD28V>
   <DDLANGUAGE></DDLANGUAGE>
   <CONDNAME>ZVIEW2_01</CONDNAME>
   <POSITION>0010</POSITION>
   <TABNAME>ZIT_01</TABNAME>
   <FIELDNAME>STATUSITEM</FIELDNAME>
   <NEGATION></NEGATION>
   <OPERATOR>EQ</OPERATOR>
   <CONSTANTS>&apos;B&apos;</CONSTANTS>
   <CONTLINE></CONTLINE>
   <AND_OR>OR</AND_OR>
   <OFFSET>0000</OFFSET>
   <FLENGTH>0000</FLENGTH>
   <MCOFIELD></MCOFIELD>
  </DD28V>
  <DD28V>
   <DDLANGUAGE></DDLANGUAGE>
   <CONDNAME>ZVIEW2_01</CONDNAME>
   <POSITION>0011</POSITION>
   <TABNAME>ZIT_01</TABNAME>
   <FIELDNAME>STATUSITEM</FIELDNAME>
   <NEGATION></NEGATION>
   <OPERATOR>EQ</OPERATOR>
   <CONSTANTS>&apos;Y&apos;</CONSTANTS>
   <CONTLINE></CONTLINE>
   <AND_OR></AND_OR>
   <OFFSET>0000</OFFSET>
   <FLENGTH>0000</FLENGTH>
   <MCOFIELD></MCOFIELD>
  </DD28V>
 </DD28V_TABLE>
</abapGit>
