﻿<?xml version="1.0" encoding="utf-8"?>
<abapGit version="v0.2-alpha">
 <DD25V>
  <VIEWNAME>ZVIEW1_01</VIEWNAME>
  <AS4LOCAL>A</AS4LOCAL>
  <AS4VERS>0000</AS4VERS>
  <DDLANGUAGE>E</DDLANGUAGE>
  <AGGTYPE>V</AGGTYPE>
  <APPLCLASS></APPLCLASS>
  <AUTHCLASS>00</AUTHCLASS>
  <READONLY></READONLY>
  <ROOTTAB>ZFOR_01</ROOTTAB>
  <AS4USER></AS4USER>
  <AS4DATE>00000000</AS4DATE>
  <AS4TIME>000000</AS4TIME>
  <DDTEXT>Cadastro de Clientes</DDTEXT>
  <VIEWCLASS>D</VIEWCLASS>
  <ACTFLAG></ACTFLAG>
  <MASTERLANG></MASTERLANG>
  <CUSTOMAUTH></CUSTOMAUTH>
  <VIEWGRANT>R</VIEWGRANT>
  <GLOBALFLAG></GLOBALFLAG>
  <MANKEY></MANKEY>
 </DD25V>
 <DD09L>
  <TABNAME></TABNAME>
  <AS4LOCAL></AS4LOCAL>
  <AS4VERS>0000</AS4VERS>
  <TABKAT></TABKAT>
  <TABART></TABART>
  <PUFFERUNG></PUFFERUNG>
  <SCHFELDANZ>000</SCHFELDANZ>
  <PROTOKOLL></PROTOKOLL>
  <SPEICHPUFF></SPEICHPUFF>
  <AS4USER></AS4USER>
  <AS4DATE>00000000</AS4DATE>
  <AS4TIME>000000</AS4TIME>
  <TRANSPFLAG></TRANSPFLAG>
  <RESERVE></RESERVE>
  <UEBERSETZ></UEBERSETZ>
  <ACTFLAG></ACTFLAG>
  <BUFALLOW></BUFALLOW>
  <JAVAONLY></JAVAONLY>
 </DD09L>
 <DD26V_TABLE>
  <DD26V>
   <DDLANGUAGE></DDLANGUAGE>
   <VIEWNAME>ZVIEW1_01</VIEWNAME>
   <TABNAME>ZFOR_01</TABNAME>
   <TABPOS>0001</TABPOS>
   <FORTABNAME>ZFOR_01</FORTABNAME>
   <FORFIELD></FORFIELD>
   <FORDIR></FORDIR>
  </DD26V>
  <DD26V>
   <DDLANGUAGE></DDLANGUAGE>
   <VIEWNAME>ZVIEW1_01</VIEWNAME>
   <TABNAME>LFA1</TABNAME>
   <TABPOS>0002</TABPOS>
   <FORTABNAME></FORTABNAME>
   <FORFIELD></FORFIELD>
   <FORDIR></FORDIR>
  </DD26V>
 </DD26V_TABLE>
 <DD27P_TABLE>
  <DD27P>
   <VIEWNAME>ZVIEW1_01</VIEWNAME>
   <OBJPOS>0001</OBJPOS>
   <DDLANGUAGE>E</DDLANGUAGE>
   <VIEWFIELD>CODFOR</VIEWFIELD>
   <TABNAME>ZFOR_01</TABNAME>
   <FIELDNAME>CODFOR</FIELDNAME>
   <KEYFLAG>X</KEYFLAG>
   <MCFIELDID></MCFIELDID>
   <EFORM></EFORM>
   <ROLLNAME>LIFNR</ROLLNAME>
   <ROLLNAMEVI>LIFNR</ROLLNAMEVI>
   <ROLLCHANGE></ROLLCHANGE>
   <ENQMODE></ENQMODE>
   <RDONLY></RDONLY>
   <MEMORYID>LIF</MEMORYID>
   <DOMNAME>LIFNR</DOMNAME>
   <DATATYPE>CHAR</DATATYPE>
   <FLENGTH>000010</FLENGTH>
   <CHECKTABLE>LFA1</CHECKTABLE>
   <SHLPORIGIN>P</SHLPORIGIN>
   <SHLPNAME>KRED_C</SHLPNAME>
   <SHLPFIELD>LIFNR</SHLPFIELD>
   <REFTABLE></REFTABLE>
   <REFFIELD></REFFIELD>
   <ENTITYTAB>LFA1</ENTITYTAB>
   <INTTYPE>C</INTTYPE>
   <INTLEN>000020</INTLEN>
   <LOGFLAG>X</LOGFLAG>
   <HEADLEN>10</HEADLEN>
   <SCRLEN1>10</SCRLEN1>
   <SCRLEN2>15</SCRLEN2>
   <SCRLEN3>20</SCRLEN3>
   <OUTPUTLEN>000010</OUTPUTLEN>
   <DECIMALS>000000</DECIMALS>
   <LOWERCASE></LOWERCASE>
   <SIGNFLAG></SIGNFLAG>
   <VALEXI></VALEXI>
   <CONVEXIT>ALPHA</CONVEXIT>
   <DDTEXT>Account Number of Vendor or Creditor</DDTEXT>
   <REPTEXT>Vendor</REPTEXT>
   <SCRTEXT_S>Vendor</SCRTEXT_S>
   <SCRTEXT_M>Vendor</SCRTEXT_M>
   <SCRTEXT_L>Vendor</SCRTEXT_L>
   <PROXYTYPE></PROXYTYPE>
   <LTRFLDDIS></LTRFLDDIS>
   <BIDICTRLC></BIDICTRLC>
   <OUTPUTSTYLE>00</OUTPUTSTYLE>
   <NOHISTORY></NOHISTORY>
   <AMPMFORMAT></AMPMFORMAT>
  </DD27P>
  <DD27P>
   <VIEWNAME>ZVIEW1_01</VIEWNAME>
   <OBJPOS>0002</OBJPOS>
   <DDLANGUAGE>E</DDLANGUAGE>
   <VIEWFIELD>TOTPEDANO</VIEWFIELD>
   <TABNAME>ZFOR_01</TABNAME>
   <FIELDNAME>TOTPEDANO</FIELDNAME>
   <KEYFLAG>X</KEYFLAG>
   <MCFIELDID></MCFIELDID>
   <EFORM></EFORM>
   <ROLLNAME>ZTOTPEDA01</ROLLNAME>
   <ROLLNAMEVI>ZTOTPEDA01</ROLLNAMEVI>
   <ROLLCHANGE></ROLLCHANGE>
   <ENQMODE></ENQMODE>
   <RDONLY></RDONLY>
   <MEMORYID></MEMORYID>
   <DOMNAME>ZOTPEDA01</DOMNAME>
   <DATATYPE>CURR</DATATYPE>
   <FLENGTH>000013</FLENGTH>
   <CHECKTABLE></CHECKTABLE>
   <SHLPORIGIN></SHLPORIGIN>
   <SHLPNAME></SHLPNAME>
   <SHLPFIELD></SHLPFIELD>
   <REFTABLE>ZFOR_01</REFTABLE>
   <REFFIELD>CODMOE</REFFIELD>
   <ENTITYTAB></ENTITYTAB>
   <INTTYPE>P</INTTYPE>
   <INTLEN>000007</INTLEN>
   <LOGFLAG></LOGFLAG>
   <HEADLEN>17</HEADLEN>
   <SCRLEN1>10</SCRLEN1>
   <SCRLEN2>17</SCRLEN2>
   <SCRLEN3>17</SCRLEN3>
   <OUTPUTLEN>000017</OUTPUTLEN>
   <DECIMALS>000002</DECIMALS>
   <LOWERCASE></LOWERCASE>
   <SIGNFLAG></SIGNFLAG>
   <VALEXI></VALEXI>
   <CONVEXIT></CONVEXIT>
   <DDTEXT>Total dos Pedidos</DDTEXT>
   <REPTEXT>Total dos Pedidos</REPTEXT>
   <SCRTEXT_S>Tot.Pedido</SCRTEXT_S>
   <SCRTEXT_M>Total dos Pedidos</SCRTEXT_M>
   <SCRTEXT_L>Total dos Pedidos</SCRTEXT_L>
   <PROXYTYPE></PROXYTYPE>
   <LTRFLDDIS></LTRFLDDIS>
   <BIDICTRLC></BIDICTRLC>
   <OUTPUTSTYLE>00</OUTPUTSTYLE>
   <NOHISTORY></NOHISTORY>
   <AMPMFORMAT></AMPMFORMAT>
  </DD27P>
  <DD27P>
   <VIEWNAME>ZVIEW1_01</VIEWNAME>
   <OBJPOS>0003</OBJPOS>
   <DDLANGUAGE>E</DDLANGUAGE>
   <VIEWFIELD>CODMOE</VIEWFIELD>
   <TABNAME>ZFOR_01</TABNAME>
   <FIELDNAME>CODMOE</FIELDNAME>
   <KEYFLAG>X</KEYFLAG>
   <MCFIELDID></MCFIELDID>
   <EFORM></EFORM>
   <ROLLNAME>ZCODMOE01</ROLLNAME>
   <ROLLNAMEVI>ZCODMOE01</ROLLNAMEVI>
   <ROLLCHANGE></ROLLCHANGE>
   <ENQMODE></ENQMODE>
   <RDONLY></RDONLY>
   <MEMORYID></MEMORYID>
   <DOMNAME>WAERS</DOMNAME>
   <DATATYPE>CUKY</DATATYPE>
   <FLENGTH>000005</FLENGTH>
   <CHECKTABLE>TCURC</CHECKTABLE>
   <SHLPORIGIN>P</SHLPORIGIN>
   <SHLPNAME></SHLPNAME>
   <SHLPFIELD></SHLPFIELD>
   <REFTABLE></REFTABLE>
   <REFFIELD></REFFIELD>
   <ENTITYTAB>TCURC</ENTITYTAB>
   <INTTYPE>C</INTTYPE>
   <INTLEN>000010</INTLEN>
   <LOGFLAG></LOGFLAG>
   <HEADLEN>15</HEADLEN>
   <SCRLEN1>09</SCRLEN1>
   <SCRLEN2>15</SCRLEN2>
   <SCRLEN3>15</SCRLEN3>
   <OUTPUTLEN>000005</OUTPUTLEN>
   <DECIMALS>000000</DECIMALS>
   <LOWERCASE></LOWERCASE>
   <SIGNFLAG></SIGNFLAG>
   <VALEXI></VALEXI>
   <CONVEXIT></CONVEXIT>
   <DDTEXT>Codigo da Moeda</DDTEXT>
   <REPTEXT>Codigo da Moeda</REPTEXT>
   <SCRTEXT_S>Cod.Moeda</SCRTEXT_S>
   <SCRTEXT_M>Codigo da Moeda</SCRTEXT_M>
   <SCRTEXT_L>Codigo da Moeda</SCRTEXT_L>
   <PROXYTYPE></PROXYTYPE>
   <LTRFLDDIS></LTRFLDDIS>
   <BIDICTRLC></BIDICTRLC>
   <OUTPUTSTYLE>00</OUTPUTSTYLE>
   <NOHISTORY></NOHISTORY>
   <AMPMFORMAT></AMPMFORMAT>
  </DD27P>
  <DD27P>
   <VIEWNAME>ZVIEW1_01</VIEWNAME>
   <OBJPOS>0004</OBJPOS>
   <DDLANGUAGE>E</DDLANGUAGE>
   <VIEWFIELD>STATUSFOR</VIEWFIELD>
   <TABNAME>ZFOR_01</TABNAME>
   <FIELDNAME>STATUSFOR</FIELDNAME>
   <KEYFLAG>X</KEYFLAG>
   <MCFIELDID></MCFIELDID>
   <EFORM></EFORM>
   <ROLLNAME>ZSTATUSD01</ROLLNAME>
   <ROLLNAMEVI>ZSTATUSD01</ROLLNAMEVI>
   <ROLLCHANGE></ROLLCHANGE>
   <ENQMODE></ENQMODE>
   <RDONLY></RDONLY>
   <MEMORYID></MEMORYID>
   <DOMNAME>ZSTATUSF01</DOMNAME>
   <DATATYPE>NUMC</DATATYPE>
   <FLENGTH>000001</FLENGTH>
   <CHECKTABLE></CHECKTABLE>
   <SHLPORIGIN>F</SHLPORIGIN>
   <SHLPNAME></SHLPNAME>
   <SHLPFIELD></SHLPFIELD>
   <REFTABLE></REFTABLE>
   <REFFIELD></REFFIELD>
   <ENTITYTAB></ENTITYTAB>
   <INTTYPE>N</INTTYPE>
   <INTLEN>000002</INTLEN>
   <LOGFLAG></LOGFLAG>
   <HEADLEN>20</HEADLEN>
   <SCRLEN1>10</SCRLEN1>
   <SCRLEN2>20</SCRLEN2>
   <SCRLEN3>20</SCRLEN3>
   <OUTPUTLEN>000001</OUTPUTLEN>
   <DECIMALS>000000</DECIMALS>
   <LOWERCASE></LOWERCASE>
   <SIGNFLAG></SIGNFLAG>
   <VALEXI>X</VALEXI>
   <CONVEXIT></CONVEXIT>
   <DDTEXT>Status do Fornecedor</DDTEXT>
   <REPTEXT>Status do Fornecedor</REPTEXT>
   <SCRTEXT_S>Status For</SCRTEXT_S>
   <SCRTEXT_M>Status do Fornecedor</SCRTEXT_M>
   <SCRTEXT_L>Status do Fornecedor</SCRTEXT_L>
   <PROXYTYPE></PROXYTYPE>
   <LTRFLDDIS></LTRFLDDIS>
   <BIDICTRLC></BIDICTRLC>
   <OUTPUTSTYLE>00</OUTPUTSTYLE>
   <NOHISTORY></NOHISTORY>
   <AMPMFORMAT></AMPMFORMAT>
  </DD27P>
  <DD27P>
   <VIEWNAME>ZVIEW1_01</VIEWNAME>
   <OBJPOS>0005</OBJPOS>
   <DDLANGUAGE>E</DDLANGUAGE>
   <VIEWFIELD>LAND1</VIEWFIELD>
   <TABNAME>LFA1</TABNAME>
   <FIELDNAME>LAND1</FIELDNAME>
   <KEYFLAG>X</KEYFLAG>
   <MCFIELDID></MCFIELDID>
   <EFORM></EFORM>
   <ROLLNAME>LAND1_GP</ROLLNAME>
   <ROLLNAMEVI>LAND1_GP</ROLLNAMEVI>
   <ROLLCHANGE></ROLLCHANGE>
   <ENQMODE></ENQMODE>
   <RDONLY></RDONLY>
   <MEMORYID></MEMORYID>
   <DOMNAME>LAND1</DOMNAME>
   <DATATYPE>CHAR</DATATYPE>
   <FLENGTH>000003</FLENGTH>
   <CHECKTABLE>T005</CHECKTABLE>
   <SHLPORIGIN>P</SHLPORIGIN>
   <SHLPNAME>C_LAND1</SHLPNAME>
   <SHLPFIELD>LAND1</SHLPFIELD>
   <REFTABLE></REFTABLE>
   <REFFIELD></REFFIELD>
   <ENTITYTAB>T005</ENTITYTAB>
   <INTTYPE>C</INTTYPE>
   <INTLEN>000006</INTLEN>
   <LOGFLAG>X</LOGFLAG>
   <HEADLEN>03</HEADLEN>
   <SCRLEN1>10</SCRLEN1>
   <SCRLEN2>12</SCRLEN2>
   <SCRLEN3>20</SCRLEN3>
   <OUTPUTLEN>000003</OUTPUTLEN>
   <DECIMALS>000000</DECIMALS>
   <LOWERCASE></LOWERCASE>
   <SIGNFLAG></SIGNFLAG>
   <VALEXI></VALEXI>
   <CONVEXIT></CONVEXIT>
   <DDTEXT>Country Key</DDTEXT>
   <REPTEXT>Cty</REPTEXT>
   <SCRTEXT_S>Country</SCRTEXT_S>
   <SCRTEXT_M>Country</SCRTEXT_M>
   <SCRTEXT_L>Country</SCRTEXT_L>
   <PROXYTYPE></PROXYTYPE>
   <LTRFLDDIS></LTRFLDDIS>
   <BIDICTRLC></BIDICTRLC>
   <OUTPUTSTYLE>00</OUTPUTSTYLE>
   <NOHISTORY></NOHISTORY>
   <AMPMFORMAT></AMPMFORMAT>
  </DD27P>
  <DD27P>
   <VIEWNAME>ZVIEW1_01</VIEWNAME>
   <OBJPOS>0006</OBJPOS>
   <DDLANGUAGE>E</DDLANGUAGE>
   <VIEWFIELD>NAME1</VIEWFIELD>
   <TABNAME>LFA1</TABNAME>
   <FIELDNAME>NAME1</FIELDNAME>
   <KEYFLAG>X</KEYFLAG>
   <MCFIELDID></MCFIELDID>
   <EFORM></EFORM>
   <ROLLNAME>NAME1_GP</ROLLNAME>
   <ROLLNAMEVI>NAME1_GP</ROLLNAMEVI>
   <ROLLCHANGE></ROLLCHANGE>
   <ENQMODE></ENQMODE>
   <RDONLY></RDONLY>
   <MEMORYID></MEMORYID>
   <DOMNAME>NAME</DOMNAME>
   <DATATYPE>CHAR</DATATYPE>
   <FLENGTH>000035</FLENGTH>
   <CHECKTABLE></CHECKTABLE>
   <SHLPORIGIN></SHLPORIGIN>
   <SHLPNAME></SHLPNAME>
   <SHLPFIELD></SHLPFIELD>
   <REFTABLE></REFTABLE>
   <REFFIELD></REFFIELD>
   <ENTITYTAB></ENTITYTAB>
   <INTTYPE>C</INTTYPE>
   <INTLEN>000070</INTLEN>
   <LOGFLAG>X</LOGFLAG>
   <HEADLEN>35</HEADLEN>
   <SCRLEN1>10</SCRLEN1>
   <SCRLEN2>12</SCRLEN2>
   <SCRLEN3>20</SCRLEN3>
   <OUTPUTLEN>000035</OUTPUTLEN>
   <DECIMALS>000000</DECIMALS>
   <LOWERCASE>X</LOWERCASE>
   <SIGNFLAG></SIGNFLAG>
   <VALEXI></VALEXI>
   <CONVEXIT></CONVEXIT>
   <DDTEXT>Name 1</DDTEXT>
   <REPTEXT>Name 1</REPTEXT>
   <SCRTEXT_S>Name</SCRTEXT_S>
   <SCRTEXT_M>Name</SCRTEXT_M>
   <SCRTEXT_L>Name</SCRTEXT_L>
   <PROXYTYPE></PROXYTYPE>
   <LTRFLDDIS></LTRFLDDIS>
   <BIDICTRLC></BIDICTRLC>
   <OUTPUTSTYLE>00</OUTPUTSTYLE>
   <NOHISTORY></NOHISTORY>
   <AMPMFORMAT></AMPMFORMAT>
  </DD27P>
  <DD27P>
   <VIEWNAME>ZVIEW1_01</VIEWNAME>
   <OBJPOS>0007</OBJPOS>
   <DDLANGUAGE>E</DDLANGUAGE>
   <VIEWFIELD>ORT01</VIEWFIELD>
   <TABNAME>LFA1</TABNAME>
   <FIELDNAME>ORT01</FIELDNAME>
   <KEYFLAG>X</KEYFLAG>
   <MCFIELDID></MCFIELDID>
   <EFORM></EFORM>
   <ROLLNAME>ORT01_GP</ROLLNAME>
   <ROLLNAMEVI>ORT01_GP</ROLLNAMEVI>
   <ROLLCHANGE></ROLLCHANGE>
   <ENQMODE></ENQMODE>
   <RDONLY></RDONLY>
   <MEMORYID></MEMORYID>
   <DOMNAME>TEXT35</DOMNAME>
   <DATATYPE>CHAR</DATATYPE>
   <FLENGTH>000035</FLENGTH>
   <CHECKTABLE></CHECKTABLE>
   <SHLPORIGIN></SHLPORIGIN>
   <SHLPNAME></SHLPNAME>
   <SHLPFIELD></SHLPFIELD>
   <REFTABLE></REFTABLE>
   <REFFIELD></REFFIELD>
   <ENTITYTAB></ENTITYTAB>
   <INTTYPE>C</INTTYPE>
   <INTLEN>000070</INTLEN>
   <LOGFLAG>X</LOGFLAG>
   <HEADLEN>35</HEADLEN>
   <SCRLEN1>10</SCRLEN1>
   <SCRLEN2>12</SCRLEN2>
   <SCRLEN3>20</SCRLEN3>
   <OUTPUTLEN>000035</OUTPUTLEN>
   <DECIMALS>000000</DECIMALS>
   <LOWERCASE>X</LOWERCASE>
   <SIGNFLAG></SIGNFLAG>
   <VALEXI></VALEXI>
   <CONVEXIT></CONVEXIT>
   <DDTEXT>City</DDTEXT>
   <REPTEXT>City</REPTEXT>
   <SCRTEXT_S>City</SCRTEXT_S>
   <SCRTEXT_M>City</SCRTEXT_M>
   <SCRTEXT_L>City</SCRTEXT_L>
   <PROXYTYPE></PROXYTYPE>
   <LTRFLDDIS></LTRFLDDIS>
   <BIDICTRLC></BIDICTRLC>
   <OUTPUTSTYLE>00</OUTPUTSTYLE>
   <NOHISTORY></NOHISTORY>
   <AMPMFORMAT></AMPMFORMAT>
  </DD27P>
  <DD27P>
   <VIEWNAME>ZVIEW1_01</VIEWNAME>
   <OBJPOS>0008</OBJPOS>
   <DDLANGUAGE>E</DDLANGUAGE>
   <VIEWFIELD>PSTLZ</VIEWFIELD>
   <TABNAME>LFA1</TABNAME>
   <FIELDNAME>PSTLZ</FIELDNAME>
   <KEYFLAG>X</KEYFLAG>
   <MCFIELDID></MCFIELDID>
   <EFORM></EFORM>
   <ROLLNAME>PSTLZ</ROLLNAME>
   <ROLLNAMEVI>PSTLZ</ROLLNAMEVI>
   <ROLLCHANGE></ROLLCHANGE>
   <ENQMODE></ENQMODE>
   <RDONLY></RDONLY>
   <MEMORYID></MEMORYID>
   <DOMNAME>PSTLZ</DOMNAME>
   <DATATYPE>CHAR</DATATYPE>
   <FLENGTH>000010</FLENGTH>
   <CHECKTABLE></CHECKTABLE>
   <SHLPORIGIN></SHLPORIGIN>
   <SHLPNAME></SHLPNAME>
   <SHLPFIELD></SHLPFIELD>
   <REFTABLE></REFTABLE>
   <REFFIELD></REFFIELD>
   <ENTITYTAB></ENTITYTAB>
   <INTTYPE>C</INTTYPE>
   <INTLEN>000020</INTLEN>
   <LOGFLAG>X</LOGFLAG>
   <HEADLEN>10</HEADLEN>
   <SCRLEN1>10</SCRLEN1>
   <SCRLEN2>14</SCRLEN2>
   <SCRLEN3>14</SCRLEN3>
   <OUTPUTLEN>000010</OUTPUTLEN>
   <DECIMALS>000000</DECIMALS>
   <LOWERCASE></LOWERCASE>
   <SIGNFLAG></SIGNFLAG>
   <VALEXI></VALEXI>
   <CONVEXIT></CONVEXIT>
   <DDTEXT>Postal Code</DDTEXT>
   <REPTEXT>PostalCode</REPTEXT>
   <SCRTEXT_S>Post.Code</SCRTEXT_S>
   <SCRTEXT_M>Postal Code</SCRTEXT_M>
   <SCRTEXT_L>Postal Code</SCRTEXT_L>
   <PROXYTYPE></PROXYTYPE>
   <LTRFLDDIS></LTRFLDDIS>
   <BIDICTRLC></BIDICTRLC>
   <OUTPUTSTYLE>00</OUTPUTSTYLE>
   <NOHISTORY></NOHISTORY>
   <AMPMFORMAT></AMPMFORMAT>
  </DD27P>
  <DD27P>
   <VIEWNAME>ZVIEW1_01</VIEWNAME>
   <OBJPOS>0009</OBJPOS>
   <DDLANGUAGE>E</DDLANGUAGE>
   <VIEWFIELD>REGIO</VIEWFIELD>
   <TABNAME>LFA1</TABNAME>
   <FIELDNAME>REGIO</FIELDNAME>
   <KEYFLAG>X</KEYFLAG>
   <MCFIELDID></MCFIELDID>
   <EFORM></EFORM>
   <ROLLNAME>REGIO</ROLLNAME>
   <ROLLNAMEVI>REGIO</ROLLNAMEVI>
   <ROLLCHANGE></ROLLCHANGE>
   <ENQMODE></ENQMODE>
   <RDONLY></RDONLY>
   <MEMORYID></MEMORYID>
   <DOMNAME>REGIO</DOMNAME>
   <DATATYPE>CHAR</DATATYPE>
   <FLENGTH>000003</FLENGTH>
   <CHECKTABLE>T005S</CHECKTABLE>
   <SHLPORIGIN>P</SHLPORIGIN>
   <SHLPNAME></SHLPNAME>
   <SHLPFIELD></SHLPFIELD>
   <REFTABLE></REFTABLE>
   <REFFIELD></REFFIELD>
   <ENTITYTAB>T005S</ENTITYTAB>
   <INTTYPE>C</INTTYPE>
   <INTLEN>000006</INTLEN>
   <LOGFLAG>X</LOGFLAG>
   <HEADLEN>02</HEADLEN>
   <SCRLEN1>10</SCRLEN1>
   <SCRLEN2>14</SCRLEN2>
   <SCRLEN3>20</SCRLEN3>
   <OUTPUTLEN>000003</OUTPUTLEN>
   <DECIMALS>000000</DECIMALS>
   <LOWERCASE></LOWERCASE>
   <SIGNFLAG></SIGNFLAG>
   <VALEXI></VALEXI>
   <CONVEXIT></CONVEXIT>
   <DDTEXT>Region (State, Province, County)</DDTEXT>
   <REPTEXT>Rg</REPTEXT>
   <SCRTEXT_S>Region</SCRTEXT_S>
   <SCRTEXT_M>Region</SCRTEXT_M>
   <SCRTEXT_L>Region</SCRTEXT_L>
   <PROXYTYPE></PROXYTYPE>
   <LTRFLDDIS></LTRFLDDIS>
   <BIDICTRLC></BIDICTRLC>
   <OUTPUTSTYLE>00</OUTPUTSTYLE>
   <NOHISTORY></NOHISTORY>
   <AMPMFORMAT></AMPMFORMAT>
  </DD27P>
  <DD27P>
   <VIEWNAME>ZVIEW1_01</VIEWNAME>
   <OBJPOS>0010</OBJPOS>
   <DDLANGUAGE>E</DDLANGUAGE>
   <VIEWFIELD>STRAS</VIEWFIELD>
   <TABNAME>LFA1</TABNAME>
   <FIELDNAME>STRAS</FIELDNAME>
   <KEYFLAG>X</KEYFLAG>
   <MCFIELDID></MCFIELDID>
   <EFORM></EFORM>
   <ROLLNAME>STRAS_GP</ROLLNAME>
   <ROLLNAMEVI>STRAS_GP</ROLLNAMEVI>
   <ROLLCHANGE></ROLLCHANGE>
   <ENQMODE></ENQMODE>
   <RDONLY></RDONLY>
   <MEMORYID></MEMORYID>
   <DOMNAME>TEXT35</DOMNAME>
   <DATATYPE>CHAR</DATATYPE>
   <FLENGTH>000035</FLENGTH>
   <CHECKTABLE></CHECKTABLE>
   <SHLPORIGIN></SHLPORIGIN>
   <SHLPNAME></SHLPNAME>
   <SHLPFIELD></SHLPFIELD>
   <REFTABLE></REFTABLE>
   <REFFIELD></REFFIELD>
   <ENTITYTAB></ENTITYTAB>
   <INTTYPE>C</INTTYPE>
   <INTLEN>000070</INTLEN>
   <LOGFLAG>X</LOGFLAG>
   <HEADLEN>35</HEADLEN>
   <SCRLEN1>10</SCRLEN1>
   <SCRLEN2>12</SCRLEN2>
   <SCRLEN3>20</SCRLEN3>
   <OUTPUTLEN>000035</OUTPUTLEN>
   <DECIMALS>000000</DECIMALS>
   <LOWERCASE>X</LOWERCASE>
   <SIGNFLAG></SIGNFLAG>
   <VALEXI></VALEXI>
   <CONVEXIT></CONVEXIT>
   <DDTEXT>House number and street</DDTEXT>
   <REPTEXT>Street</REPTEXT>
   <SCRTEXT_S>Street</SCRTEXT_S>
   <SCRTEXT_M>Street</SCRTEXT_M>
   <SCRTEXT_L>Street</SCRTEXT_L>
   <PROXYTYPE></PROXYTYPE>
   <LTRFLDDIS></LTRFLDDIS>
   <BIDICTRLC></BIDICTRLC>
   <OUTPUTSTYLE>00</OUTPUTSTYLE>
   <NOHISTORY></NOHISTORY>
   <AMPMFORMAT></AMPMFORMAT>
  </DD27P>
 </DD27P_TABLE>
 <DD28J_TABLE>
  <DD28J>
   <VIEWNAME>ZVIEW1_01</VIEWNAME>
   <LTAB>LFA1</LTAB>
   <LFIELD>MANDT</LFIELD>
   <OPERATOR>EQ</OPERATOR>
   <RTAB>ZFOR_01</RTAB>
   <RFIELD>MANDT</RFIELD>
   <SOURCE>S</SOURCE>
   <FRKTAB></FRKTAB>
   <FRKFIELD></FRKFIELD>
   <FRKDIR></FRKDIR>
   <VOPERATOR></VOPERATOR>
  </DD28J>
  <DD28J>
   <VIEWNAME>ZVIEW1_01</VIEWNAME>
   <LTAB>LFA1</LTAB>
   <LFIELD>LIFNR</LFIELD>
   <OPERATOR>EQ</OPERATOR>
   <RTAB>ZFOR_01</RTAB>
   <RFIELD>CODFOR</RFIELD>
   <SOURCE>S</SOURCE>
   <FRKTAB></FRKTAB>
   <FRKFIELD></FRKFIELD>
   <FRKDIR></FRKDIR>
   <VOPERATOR></VOPERATOR>
  </DD28J>
 </DD28J_TABLE>
 <DD28V_TABLE/>
</abapGit>
